publisherId,publisherName,publisherAddress
39716,Wikido Publishing Company,6 Alpine Avenue
61910,"Skajo Publishing, Inc.",8170 Florence Lane
41925,Blognation Publisher,92436 Duke Place
01842,Blogtag Publishing Company,9 Cody Circle
96098,"Twimm Publishing, Inc.",74325 Toban Crossing
62483,Centidel Publisher,97141 Macpherson Alley
79929,"Ailane Publishing, Inc.",6013 Northport Junction
88482,Yodo Publisher,970 Crescent Oaks Center
85902,"Yotz Publishing, Inc.",843 Corscot Park
44357,Cogidoo Publishing Company,0 Atwood Pass
14254,"Realcube Publishing, Inc.",5 Londonderry Way
59758,Cogilith Publishing Company,00010 Charing Cross Alley
98548,"Eayo Publishing, Inc.",5 Esker Way
53372,Buzzster Publisher,18909 High Crossing Pass
30928,Viva Publishing Company,6737 Sundown Way
39199,"Skimia Publishing, Inc.",65 Straubel Trail
30397,"Voonder Publishing, Inc.",06043 Independence Lane
37451,Feedbug Publisher,7999 1st Circle
50222,Jaxbean Publisher,5639 Lien Avenue
96364,"Chatterbridge Publishing, Inc.",2 Messerschmidt Center
97977,Brainsphere Publishing Company,544 Sutteridge Plaza
68907,Yakijo Publishing Company,3 Hudson Court
47385,Muxo Publishing Company,8442 Eastwood Junction
79122,"Tavu Publishing, Inc.",23237 Kipling Drive
23541,"Wordpedia Publishing, Inc.",6 Badeau Hill
88195,"Gabvine Publishing, Inc.",033 Crescent Oaks Way
66989,Voomm Publishing Company,25057 Superior Pass
37244,"Katz Publishing, Inc.",398 Dryden Center
83425,"Youtags Publishing, Inc.",9 Kim Park
08914,Geba Publisher,8422 Bayside Place
17916,Thoughtblab Publisher,20262 Linden Hill
77787,Wikivu Publishing Company,20 Jackson Plaza
98208,Riffpath Publisher,47415 Mosinee Terrace
42646,"Mita Publishing, Inc.",9409 Anthes Parkway
50771,"Skaboo Publishing, Inc.",8 Ohio Circle
03958,Trudeo Publisher,47 Oak Circle
96629,"Twinder Publishing, Inc.",1 Anzinger Way
71153,"Wikibox Publishing, Inc.",98 Homewood Road
70666,Edgetag Publishing Company,4583 Killdeer Junction
83370,Youspan Publishing Company,50651 Buhler Court
85276,Roodel Publisher,93 Riverside Trail
74337,Fanoodle Publishing Company,4317 Warbler Junction
36397,"Skalith Publishing, Inc.",16 Longview Hill
24018,Jetwire Publisher,5 Scoville Trail
98942,"Jabbertype Publishing, Inc.",59574 Swallow Court
