authorId,authorName
22368,Eugen Edyson
88435,Tory Fosdick
75881,Yolanthe Vasyunichev
04665,Galen Crocombe
63320,Lenee Fawdrie
41749,Sonnie Kaspar
40260,Kari Latty
03426,Danila Filipychev
17848,Haroun Boch
65528,Sybila Merring
31168,Blair Dieton
09980,Matilde Bullas
88760,Hussein Avrahm
30638,Broddie Aleksandrikin
51019,Cristen Boik
41217,Batsheva Drynan
06514,Sidonnie Forth
82360,Dannel Morton
74934,Patrick Beebe
93527,Nessie Peert
58023,Sharl Extall
68162,Babette Thorsby
35857,Annaliese Weighell
95594,Alexandrina Widmore
14108,Lula O' Faherty
43436,Maurine Oxteby
40723,Arnie Abramson
22364,Amandie Rawlison
69777,Petronia Yushmanov
29387,Starlene Emby
06919,Kellsie Bindin
58161,Ezra Hourahan
28764,Joleen Grewer
50675,Lilly Collomosse
45718,Shelley Abrami
06116,Gail Snowling
97631,Theo Caldecutt
91190,Ilise Pallent
87907,Andria Lohoar
00210,Debera Tinniswood
53817,Ericha Cresser
52448,Lynette Brammall
11716,Belle Horick
09101,Ryun Seel
78219,Clarke Baudichon
02820,Kelly Fahy
50888,Esta Bernadot
32664,Ellyn Gutowski
71900,Ely Keays
45665,Mariel Szymanski
47150,Tami Kike
37999,Gwenora Carlon
29235,Caty Baskeyfield
06492,Isidoro Thow
80864,Patrizio Best
09328,Trstram Goble
46457,Juliann Wheelan
64899,Rip Covill
65640,Morgen Haysman
81439,Geoffry Dotson
02269,Quill Uphill
68304,Gonzales Valentin
31707,Danni Josilowski
52213,Eva Adame
02191,Toiboid Elix
65020,Sly Krishtopaittis
40993,Merrilee Bausor
04938,Ania Benoey
75659,Enid Keddie
45789,Gloriana Popescu
65886,Wesley Pauluzzi
90345,Annadiane Climie
13312,Parke Marns
07875,Jayne Goldstone
58322,Blondelle Spittles
47941,Deva Fullylove
86321,Gray Tommis
23463,Electra Allans
13342,Rafi Tacey
69890,Sibyl Blancowe
32909,Ania Piniur
22505,Baryram Highton
98299,Kane Gilman
92750,Bertrando Caddell
62491,Virgil Fenech
41526,Shandeigh Lindenberg
55933,Elnar Troup
12540,Abeu Bletsor
67605,Yule Lowing
07704,Berny Hoxey
69873,Terence Scase
52969,Corbin De Gogay
34229,Marlowe Jervis
70152,Orlando Singers
80761,Ingra Cracoe
14731,Nalani Traite
93221,Millard Wrotchford
05723,Zondra Meadowcroft
93191,Kellen Choudhury
85603,Jacynth Maffini
25746,Rosanna Liverock
42751,Amelita Jako
60903,Padgett Phipp
64115,Belia Giddins
39084,Perceval Napoli
67533,Hortensia Piatto
52366,Flor Lehon
58775,Kimberley Acock
80422,Trueman Whyatt
74520,Bendix Legh
57618,Win Strippel
85827,Falito Davidovic
12695,Janeen Franscioni
36099,Gregoire Brunon
45476,Wyatan Stainbridge
07513,Darnall Wombwell
96125,Gideon Wanklyn
70135,Bobine Kondrat
20390,Gerhardine Maylam
10888,Dolph Pollen
81660,Gleda Christie
24071,Jeanie Borrill
57026,Karola Lehrian
07306,Jennie Rattry
37342,Valerye Sueter
67912,Lucille Gwilym
63376,Mark MacGowan
33745,Milzie McNeil
18628,Drugi Greatreax
04727,Doro Kyrkeman
07480,Pat Riping
80865,Rafa Nell
68516,Isaac Almey
33446,Mateo Van Niekerk
56975,Alanna Dumbreck
75897,Nickie Saddler
75882,Jimmy Sawbridge
33194,Standford Lord
17438,Shem Vinas
89385,Constantia Merill
66193,Kizzie Ryott
78685,Wylie Kneebone
12148,Lauretta Makepeace
19773,Gerhard St Ledger
65681,Trudy Couche
33962,Spense Tournay
76607,Federico Aicheson
15441,Roland Frain
23486,Dall Snelson
22554,Cecilia Klimkin
75933,Neala Werny
50480,Sibella Coudray
73908,Bogart Sanbroke
96780,Bonny Laying
97320,Madlen Joberne
37086,Ingram Domico
73746,Aguste Guierre
16144,Giorgio MacPike
93429,Terese Fishbourne
72986,Zebadiah Sculley
90501,Georgeanna Teasell
72481,Allix Hansell
14875,Gill Roskelley
60972,Holmes Agnolo
14903,Benny Pinfold
65260,Nickolaus Raffeorty
67371,Anny Vanezis
92010,Sibella Copcote
05805,Rodger Streeten
86657,Cassy Janota
81885,Caspar Standall
58029,Philis Belverstone
55826,Elsi Lavender
82034,Odille Froude
48492,Crin Portail
51043,Luci Snassell
69368,Maud Mulvy
57409,Mohammed Cawthorn
19268,Arliene Rehor
37228,Martie Mothersole
53775,Normie Tunnah
64975,Sibyl Le Friec
66349,Carmelia Dixcey
97568,Owen Sherratt
77905,Tonye Brooke
24821,Junia Jermin
72235,Elsworth Kubyszek
59508,Early Burthom
17361,Anne Sigart
69725,Bank O' Reagan
09886,Logan Slott
45993,Elizabet Grane
32188,Matteo Diche
08418,Eugenio Walczynski
76398,Carree Bucktharp
57208,Nessa Pletts
15230,Alicia Katz
78696,Sanderson Brice
54741,Ring Smieton
21259,Tudor Cobbold
69380,Karena Matzl
49026,Trudey Bourgour
75525,Bobby McBryde
67617,Krissy Kinnaird
44769,Issi Wallbutton
31390,Ansell Roz
13450,Myron Cridlon
12595,Selig Johannes
92791,Randolph Dudliston
20070,Marchall Grimolbie
85833,Lida Reichhardt
34863,Hyatt Pennino
30454,Hallsy Brunsen
54234,Ignacio Berthome
21990,Janot Lobe
20260,Hesther Hobben
35485,Stewart Nisbith
16301,Celinka Wimmers
63574,Felita Gray
24985,Gretna Becks
12887,Teodoro Vicioso
54814,Tait Halbard
46955,Westbrooke Dunster
20632,Atlante Diben
85234,Yank Parres
78684,Blake Baum
42128,Lennard Bonafant
79032,Patty Duplain
63196,Rich Wortt
14665,Marga Rihosek
20860,Giuseppe Lydall
81390,Carline Crippen
18547,Emmalynne Mabone
98447,Marieann Bang
29971,Paige felip
19664,Wash Trench
42994,Skipp Whyler
76474,Kendricks Cuddehy
70063,Sharai McCullen
09041,Randie Readwing
13285,Barry Brightie
98939,Judie Abriani
00066,Andris McComb
40183,Tuck Humberston
11589,Rosalie Gillmore
57862,Lilah Forcer
08073,Justinian Deniset
25775,Nikolai MacTurlough
72966,Andras Leve
10140,Alyssa Lecointe
88303,Lemmie LeEstut
14818,Grove Waylen
05259,Corey Brabben
06893,Luisa Avory
22951,Loydie Iffe
92008,Munmro Poser
48034,Vonny Broxholme
05178,Marsh Smalridge
14854,Essy Smickle
06311,Kelly Revell
57848,Brian Matussov
24656,Appolonia Brownbill
90185,Melodie Tinton
73104,Vasilis Till
98777,Asa Bockmann
96832,Rosemary Underdown
87282,Donalt Prophet
61376,Mattias Defau
41194,Charlene Gorst
48654,Francyne Ziem
85284,Ella McLeman
21592,Merridie Winspear
20457,Alexandros Hazel
11606,Ivar Valsler
26704,Sylvia Grief
39198,Minnnie Shuttell
37944,Cathi Westell
02028,Starla Oxe
16567,Martguerita Ronchi
68471,Louie Leppo
17227,Lilas Durnell
28724,Goldy Whyke
95934,Allene Proswell
47115,Ilaire Marryatt
51754,Hermy Whylie
08420,Laraine Matej
26774,Allan Pitford
21176,Renata Kynett
45068,Willi Lorrimer
43150,Obadiah Worviell
16374,Holt Garrie
59876,Dunn Oloman
04917,Sadie Wych
73806,Niccolo Shorton
05506,Andre Ennever
29125,Anallese Brabban
81734,Chelsie Larkby
89597,Elva Allone
61562,Hewet Stenner
45495,Adolf Belcham
84302,Melany Nevill
26974,Jonas Harsant
37200,Clarinda Cannop
97283,Ker Grist
58097,Garnette Yuille
95726,Archibald Haill
62890,Goldy Starkey
34771,Randolf Stolworthy
71306,Lura Leese
29434,Addison Madoc-Jones
39679,Yanaton Bartoleyn
88760,Marita Brizland
62053,Bliss Wickliffe
22496,Darsey Bergeon
07036,Bone Lesslie
40965,Oran Leiden
38144,Jennie Negus
45308,Adelina Verissimo
65183,Kelwin Hoodlass
18542,Vicky Grzesiewicz
97021,Yard Durtnall
50889,Myrvyn Mant
10652,Wyatt McGauhy
86105,Kristo Downage
32801,Doralynne Scay
45441,Beryle Fance
29081,Heath Del Checolo
91169,Bridie Smoth
83413,Myrvyn Keinrat
02476,Claudette Dow
93717,Rusty Firbank
71786,Dore Andreu
29022,Benedick Pleuman
03523,Freeman Stolli
29186,Alphonso Mordon
02838,Ali Harfleet
31506,Quill Abelevitz
50069,Rutledge Wixey
54626,Etienne Yole
03672,Blake Lockitt
29650,Mufinella MacPharlain
78497,Jordain Bruggeman
50515,Hatti Halgarth
83471,Burke Raulstone
23937,Zedekiah Dominighi
53714,Teddy Gosdin
54146,Tarra Hallas
15085,Elizabeth Gartell
26412,Nara Legerwood
29683,Merilee Domonkos
20829,Kendre Forbear
93539,Piggy Pettendrich
75643,Agnes Taberner
01346,Tricia Engley
41443,Luella Gilmour
22582,Moira Rasper
36455,Tansy Birds
23575,Innis Stoop
20993,Fiann Brinkman
40945,Hadlee Zecchini
33317,Brenda Tunn
57871,Kacie Verdon
48086,Boycey Filchakov
78831,Janet Nellis
69008,Benedikt McAsgill
63328,Greg Gude
96534,Lorene Guidotti
30764,Hayden Bertomier
42952,Amara Nightingale
05614,Danica Sergent
95502,Cheslie Marusic
16430,Abbie De Mitris
47132,Rhetta Minchell
76665,Jerrilee Caldecutt
50928,Donnie Digby
02241,Oriana Olphert
52362,Shannan Dannett
50454,Helena Baukham
41937,Blakelee Ciccarelli
68218,Rhodia Golby
57515,Caz McCrory
89524,Vicky Hayto
28887,Clovis Bonney
49009,Orelle Ritchings
02466,Lissi Ditty
23184,Moreen Lodge
61989,Konrad Roddick
68363,Davida Luther
70872,Datha Hugh
57467,Jewelle Gaish
81874,Alexi Judgkins
20702,Sheree Billitteri
00740,Aurora Abramowitch
95082,Edna Sedgebeer
88809,Clio Schneider
96295,Hube Gingles
70336,Yvette Normabell
85707,Ariel Cuddon
27357,Donni Gentile
03001,Keelia Jay
44736,Nadiya Dunstone
11222,Benyamin Bicker
64221,Stu Asplen
55973,Emelyne Hearns
29557,Mora Warwick
69126,Towney Gobbett
74085,Maurise Pinke
78116,Yancey Meagher
31293,Sansone Kornacki
20493,Sonja Dulwich
86133,Alonso Dollin
62195,Evita Bossons
02741,Reggy Bengtsen
02463,Ingra Cliss
83754,Ford Sawfoot
51889,Anthony Raxworthy
19151,Donnell Collop
24851,Gelya Coldrick
71353,Jermaine Brunning
70013,Coriss Layborn
94099,Rand Corbitt
13070,Grannie Dreakin
28783,Townsend Charrett
38691,Alfie Kordas
05525,Jaquelin Petrol
11210,Loralie Attard
03135,Frankie Pyrah
99057,Perle MacMenamie
78962,Gabi Jansik
14033,Orion Rivel
98719,Tori Burmaster
01814,Rockwell Stollmeyer
74424,Zulema Waddam
19245,Tiertza Rielly
44507,Sloane Slator
38923,De Twelve
97489,Nickey Sedgefield
06342,Sloan Huebner
02000,Bay Mc Comb
34163,Lynnell Waldron
25178,Kliment Colvin
22755,Adena Nielson
39021,Stesha Simmans
75326,Ediva Frentz
13254,Rosabel Perot
31282,Basile O'Shirine
57379,Emmit Bretton
94977,Becca Brice
71811,Wendel Janouch
75359,Steven Trevorrow
77975,Margery MacCarter
10125,Krispin Deporte
99226,Duane Farrell
06734,Lanna Hamlyn
38146,Brady Woolford
04703,Dalston Biasini
22999,Tommie Gowers
47600,Bryn Bovaird
36923,Madelaine Wiersma
94134,Enrica Ickovic
80491,Roch Bartosch
47094,Minetta Stringer
08209,Tabbie Dunlop
57928,Leanor Prujean
53240,Sam Dudderidge
25497,Tricia Gleaves
10690,Alyson Eggins
44641,Rene Goude
70781,Adah Spindler
01707,Janos Greatorex
07622,Jacklin Kohrding
42906,Jo ann Duprey
50854,Mureil Cauthra
91775,Erminia Carlesso
51916,Arabel Lindsley
81922,Armando Michiel
67466,Mackenzie Hartigan
01017,Ikey Rushmer
19616,Minni Danels
38950,Sterling Mayberry
81554,Homerus Jarmaine
47725,Marta Gencke
40013,Nedi Pinckney
31341,Field Bourgour
70228,Noella Donoghue
63014,Jerri Sysland
56351,Etty Rivard
01888,Florida Giroldi
95093,Denver Petrashov
04392,June Baraclough
86452,Obidiah Rivalland
51426,Denis Jedrzejczyk
34237,Storm Schettini
30400,Keri Brader
00570,Astrix Merit
60826,Melodee Wilks
98264,Fairleigh Filipyev
53726,Enrique Scarlet
38033,Dugald Twigg
22503,Baxie Sandaver
62230,Ginnie Volante
76156,Jan Lehenmann
31714,Murial Mullis
92874,Brew Heardman
40866,Boonie Lambrick
23266,Courtnay Bogue
98508,Riane Hucks
22320,Kelsy Lemar
65374,Sergeant McIlwrath
17729,Bobbi Venny
32894,Brit Storey
70591,Heall Schuricht
40191,Kienan Kinsett
07442,Anthiathia Scawton
85434,Brit Greenley
28742,Blakelee Endrighi
20794,Torrin Desborough
16836,Karina Ballay
00347,Leigha Alder
43934,Daisi Wahncke
61292,Dorolisa Gallon
63538,Noby Carver
09484,Layton Risson
38321,Lyssa Schwant
97535,Erena Teacy
07713,Janith Campaigne
32856,Gustie Van Niekerk
00295,Grace Danielut
31620,Lane Treher
19965,Donnajean Shemilt
66182,Marissa Laingmaid
14878,Minnnie Kinleyside
69113,Newton Gergolet
44719,Stefan Bilyard
05057,Alasteir Setterington
18327,Lesli Stockbridge
39327,Alena Spick
61662,Tracie Osinin
42193,Brockie Handy
77048,Venus McCosh
55544,Kristian Cobello
35591,Selig Mycroft
81747,Wakefield Haliburton
18639,Sydney Alywen
88517,Lyell Snugg
94780,Rufe Meadmore
48931,Korey Miettinen
52078,Araldo Bunyan
93657,Maurits Tuckey
47656,Eddy Spread
62984,Romeo Cervantes
11605,Joice Lucio
78128,Karlie Goodayle
90680,Richmound Tyas
81120,Ham Prandin
02799,Iggy Dosdell
85709,Rouvin Stit
66702,Ursuline Furzer
55716,Shaughn Briztman
16841,Pippa Ruse
38666,Anabel Locarno
92901,Al Boutcher
90251,Alano Fumagall
96027,Cariotta Foli
36035,Claudia Durker
37135,Kristoforo Gooders
73737,Salvidor Mc Caughen
74657,Jameson Vossgen
46700,Edsel Gian
03374,Emmey Sarsons
36316,Camile Murty
58502,Othelia Collelton
67786,Lizzy Mucillo
22158,Sisely Boskell
09956,Lindsey Grendon
94676,Jerry Haston
54892,Manuel Waggett
25245,Celestyn Lyford
55122,Arlyn Hagley
64886,Cathrine Clowney
62876,Alaine Watson
36768,Nathalia Twyford
09521,Ingaberg Henstridge
31611,Field Caret
03970,Reese Brinkley
20881,Jeane Bussel
35907,Marty Lory
58167,Ulla Shergill
00982,Deanne Whitesel
49030,Chen Skipworth
90573,Darn Killby
67293,Giralda Mellor
20153,Kikelia Pryn
20603,Ginnie Brugsma
44881,Pennie Moran
12884,Katine Fandrey
41436,Oswald MacSween
01903,Brandais Aldred
29840,Corilla Pollock
14286,Ewart Wilsher
07303,Darren Seywood
71387,Joelly Spaxman
89470,Margarita Coulsen
32385,Ulric Cluelow
13579,Myrle Perris
97738,Cosette Catherick
28514,Jodie Estable
06752,Ingaborg Donnel
95237,Sigfrid Rignold
21902,Nicoline Robshaw
61100,Alphonse Jouanot
38907,Sully Beals
11594,Birdie Simcox
98356,Dion Lomasna
51733,Minetta Gosforth
43054,Herculie Jevons
12699,Ettie Clissold
98384,Karia Carefull
58044,Audry Lubeck
42882,Seymour Sowter
71916,Meredithe Scandred
42830,Raynard Metzig
09383,Vin Pepper
13577,Baily Airy
67323,Floria Caldayrou
55005,Chariot Quinton
75146,Byran Asmus
91288,Leann Girodias
65524,Elenore Fessier
48891,Yardley Crissil
73678,Jordain Tukesby
02852,Angelia Roome
65134,Betteanne Mazzeo
81803,Ronnie Sapena
68477,Harrison Sivills
44713,Patten Oldfield
00748,Josiah Donnison
17650,Aprilette Fonso
77493,Elana Benoi
86532,Cindee Ondrasek
14144,Nance Fenty
95746,Kizzee Strickland
69649,Pauletta Wisby
82151,Kennedy Tzar
66126,Latrena Phlippi
95931,Ignacius Dower
09503,Gussy Dorwood
52361,Royall Ferens
81394,Myrwyn Cattenach
15026,Stormi Bayldon
61361,Alexine Pavitt
67391,Lilias Waskett
01745,Pearl Durtnel
66535,Kendall Sabine
67538,Jillana Heathwood
02872,Mufinella Impey
83339,Babbette Stainsby
44065,Noami Heintz
05549,Abba Kleinholz
52748,Joyous Flannigan
30489,Mabel McDarmid
06299,Klement Josselsohn
00710,Rhody Borge
13825,Ekaterina Genthner
85224,Blisse Mimmack
40051,Shannon M'Chirrie
11201,Latisha Alves
12099,Jacobo Pilsbury
12032,Hildy Espinel
79488,Marysa Roseblade
70324,Pattin Pendleton
99956,Kingston Cornillot
24259,Joyce Gladwish
59704,Hilario Moynihan
18256,Genia Tremayne
28362,Thain Dufore
87281,Xever Meugens
70699,Lisette Collen
99968,Elisha Vinas
89880,Kennedy Sullens
84322,Hilda McKane
45707,Sabra Rain
91283,Damon Reiglar
38094,Lynnet Chainey
22307,Jakie Alexsandrov
68259,Pascal Rizzello
05685,Brenda Alexsandrev
32955,Jarvis Savins
26049,Alan Downie
57141,Honor Margram
08280,Merl Ivel
53754,Trish Elldred
45700,Yolanthe Howson
66975,Lothario Rotham
31896,Stephanus Dawkes
83139,Laurence Shatliffe
97900,Kendra Splevin
11801,Eran McCarlich
26775,Charity Feathers
50294,Zerk Glamart
80420,Harper Payne
24099,Alejandrina Doumic
44221,Aloise Struan
92344,Cobb Hayler
48843,Jenda Kalisch
58812,Fancie Coverley
03805,Florella Dobell
59435,Ransell Cheevers
90372,Wade Dryburgh
72677,Audie Cossey
17810,Buffy Nigh
76039,Jessey Dungay
90477,Marco Shew
67829,Westley Benardette
91666,Aldwin Gatesman
40366,Lorraine Mullany
05952,George Boich
40929,Genni Pattesall
76287,Camile Pawlaczyk
19718,Egor Ameer-Beg
10984,Iolanthe Kupis
53342,Herb Paintain
50294,Trip Gahan
73690,Annabela Gammon
33460,Allys Kelleway
27385,Kelsey Broomer
15242,Druci Ellerey
29198,Marla McPherson
65721,Adrien Futter
00088,Leroi Olechnowicz
13125,Osmund Pollard
09786,Calla Burd
29086,Alanson Bydaway
74742,Vivyanne Begin
54477,Krissy Cleife
11971,Jessalin Birdsall
15114,Bobbie Ricardot
19731,Janith Lindberg
67826,Alvina Cruikshank
37458,Ede Gary
10605,Darryl Tapscott
94818,Garrick Whittaker
98093,Ruthe Currao
12845,Alisa Charlet
34694,Kory McArthur
69975,Koressa Franscioni
65789,Shermie Ertelt
39230,Tiffie Girauld
89811,Gusti Ransbury
00089,Korella Lindholm
01823,Maurise Laviss
01756,Onfre Grinsted
10413,Juieta Height
88885,Jodi Mehew
36666,Lynsey Vossgen
19666,Anselm Gloucester
67159,Mabel Aspinall
91972,Egan Stalley
94034,Teodorico Rolling
32001,Braden Seneschal
28242,Arni Giocannoni
84036,Enriqueta Conahy
27152,Ilsa Beaman
67082,Erek Duggleby
11776,Winny Stower
30743,Florella Hamblett
12929,Gui Readhead
38557,Wilma Saffell
01170,Clarke Lifsey
71503,Bran Mandell
52150,Othilie Chataignier
40667,Livia Menichino
85490,Siward Stones
22569,Gayle Dandie
92789,Brose Dell Casa
24814,Bianka Joskowitz
03853,Kelcie McGill
24812,Tadd Howen
34387,Siusan Flobert
41855,Leora Stegel
03128,Van Arstingall
