publisherId,publisherName,publisherAddress,publisherPhone
39716,Wikido Publishing Company,6 Alpine Avenue,(525) 5962908
61910,"Skajo Publishing, Inc.",8170 Florence Lane,(901) 6375841
41925,Blognation Publisher,92436 Duke Place,(964) 5677455
01842,Blogtag Publishing Company,9 Cody Circle,(866) 8435403
96098,"Twimm Publishing, Inc.",74325 Toban Crossing,(305) 2208952
62483,Centidel Publisher,97141 Macpherson Alley,(501) 3814717
79929,"Ailane Publishing, Inc.",6013 Northport Junction,(339) 6762595
88482,Yodo Publisher,970 Crescent Oaks Center,(857) 7785101
85902,"Yotz Publishing, Inc.",843 Corscot Park,(209) 9378869
44357,Cogidoo Publishing Company,0 Atwood Pass,(194) 3656793
14254,"Realcube Publishing, Inc.",5 Londonderry Way,(264) 5328594
59758,Cogilith Publishing Company,00010 Charing Cross Alley,(776) 8408609
98548,"Eayo Publishing, Inc.",5 Esker Way,(553) 8536845
53372,Buzzster Publisher,18909 High Crossing Pass,(577) 1857809
30928,Viva Publishing Company,6737 Sundown Way,(103) 9548836
39199,"Skimia Publishing, Inc.",65 Straubel Trail,(415) 5851185
30397,"Voonder Publishing, Inc.",06043 Independence Lane,(972) 7287296
37451,Feedbug Publisher,7999 1st Circle,(212) 7269421
50222,Jaxbean Publisher,5639 Lien Avenue,(763) 4479686
96364,"Chatterbridge Publishing, Inc.",2 Messerschmidt Center,(862) 8228924
97977,Brainsphere Publishing Company,544 Sutteridge Plaza,(906) 3364774
68907,Yakijo Publishing Company,3 Hudson Court,(441) 8891150
47385,Muxo Publishing Company,8442 Eastwood Junction,(124) 4833006
79122,"Tavu Publishing, Inc.",23237 Kipling Drive,(187) 9277476
23541,"Wordpedia Publishing, Inc.",6 Badeau Hill,(392) 3750685
88195,"Gabvine Publishing, Inc.",033 Crescent Oaks Way,(539) 9810645
66989,Voomm Publishing Company,25057 Superior Pass,(848) 7228303
37244,"Katz Publishing, Inc.",398 Dryden Center,(425) 7127134
83425,"Youtags Publishing, Inc.",9 Kim Park,(849) 5858380
08914,Geba Publisher,8422 Bayside Place,(265) 4406313
17916,Thoughtblab Publisher,20262 Linden Hill,(808) 3944490
77787,Wikivu Publishing Company,20 Jackson Plaza,(641) 1541883
98208,Riffpath Publisher,47415 Mosinee Terrace,(866) 4387866
42646,"Mita Publishing, Inc.",9409 Anthes Parkway,(347) 4517644
50771,"Skaboo Publishing, Inc.",8 Ohio Circle,(277) 6045578
03958,Trudeo Publisher,47 Oak Circle,(709) 5224921
96629,"Twinder Publishing, Inc.",1 Anzinger Way,(645) 3896403
71153,"Wikibox Publishing, Inc.",98 Homewood Road,(137) 1671492
70666,Edgetag Publishing Company,4583 Killdeer Junction,(766) 6633266
83370,Youspan Publishing Company,50651 Buhler Court,(229) 4439125
85276,Roodel Publisher,93 Riverside Trail,(501) 2581980
74337,Fanoodle Publishing Company,4317 Warbler Junction,(974) 7157446
36397,"Skalith Publishing, Inc.",16 Longview Hill,(320) 3507774
24018,Jetwire Publisher,5 Scoville Trail,(995) 2406568
98942,"Jabbertype Publishing, Inc.",59574 Swallow Court,(539) 9493573
