cardNo,name,address,phone
331447,Minor Bettleson,53775 Transport Court,(581) 6717822
707479,Coriss Darkott,5 3rd Hill,(760) 3460988
861476,Sutherland Daburn,819 Northwestern Trail,(369) 9103823
853770,Shandy Stansfield,0 Manitowish Pass,(302) 7962834
191919,Kalindi Benallack,95 Union Plaza,(730) 8054158
682346,Adelina Pirdy,9 Elka Drive,(299) 1789108
106454,Elset Got,2 Clyde Gallagher Road,(610) 2799956
422965,Trudie Patrick,58038 International Place,(644) 3072725
756735,Michaela Shovlar,26 Goodland Lane,(439) 2966558
643839,Eydie Cumesky,8 Scoville Street,(504) 3998655
419397,Hurleigh Milland,955 Banding Hill,(821) 5283100
744861,Lida Ludl,0 Meadow Ridge Parkway,(152) 1339349
913883,Jesus Attenborough,36742 Center Street,(398) 5582079
410590,Kristin Dadge,63 Stoughton Terrace,(508) 8920235
717909,Agnese Billion,58301 Hintze Parkway,(282) 8581412
387029,Waylon Skittles,6445 Oak Valley Circle,(518) 7878259
017152,Valencia Parkman,69 Loeprich Pass,(450) 5347797
033798,Klement MacPaike,19963 Donald Plaza,(535) 9403892
643541,Chance Giron,869 Village Green Plaza,(396) 3232307
099954,Benedicto Fossett,425 American Ash Junction,(499) 4028425
075644,Costanza Learmont,57 Holmberg Crossing,(214) 1807744
031786,Caritta Hauger,8934 Mariners Cove Way,(482) 5040807
827639,Pietro Bastick,6 Anzinger Hill,(776) 2918777
056120,Waverly Aberkirder,522 Cardinal Crossing,(563) 9922545
553336,Hildagarde Ducastel,830 Vahlen Drive,(650) 7124804
855459,Carleen Hurdle,5817 Starling Parkway,(340) 1203343
950427,Jeanne Bedle,728 Killdeer Terrace,(133) 7278269
301144,Darelle Kidner,05 Elmside Court,(815) 1445911
878557,Heida Cutress,78 Jenifer Junction,(727) 2660909
009961,Ellary Sheerman,15521 Toban Hill,(540) 1082502
082307,Tally Tarbin,313 Kings Park,(427) 6932408
557221,Derek Infantino,064 Buell Plaza,(107) 7457581
469746,Bella Lanning,01293 Ilene Junction,(455) 7814718
557428,Gretna Schlagh,2 6th Road,(726) 4264219
837082,Linda Irlam,4 Talmadge Point,(142) 9916528
785477,Edeline Itzkovsky,4 Melody Lane,(982) 7732952
786010,Maryellen Bergeau,81 Waywood Alley,(315) 9568842
482969,Wright Klassmann,6859 Holy Cross Way,(954) 4414210
586993,Dotty Dennistoun,47552 Coleman Avenue,(575) 7385962
369116,Crichton Landeaux,712 Warner Court,(308) 7851766
589524,Dorey Briamo,0 Mendota Terrace,(278) 3982630
531562,Walliw Eskriet,96835 Park Meadow Center,(351) 4664909
387571,Simonne Norledge,43 Packers Lane,(637) 8406659
029345,Saunder Burberow,29673 Sugar Terrace,(711) 1330623
813424,Sal Dewitt,133 Duke Center,(739) 7771840
445440,Johny Maycey,21 Fieldstone Plaza,(894) 6469129
086081,Buck Witherup,12054 Manitowish Lane,(392) 7173965
555502,Brina Lendrem,3 Bashford Park,(720) 9548402
443946,Thurston Isaacs,2765 Badeau Terrace,(575) 7409790
963501,Lynea Keable,82 Mendota Court,(866) 5745607
251069,Nat Chicchetto,3 Hanson Lane,(660) 3876031
512067,Angy Presnail,60 Judy Junction,(640) 6374660
325164,Melina Moran,3937 Oriole Crossing,(822) 8038469
921525,Chadwick Shedden,9539 Havey Parkway,(277) 3342659
619977,Stephani Simmons,4632 Bayside Place,(525) 7598299
463486,Kitti Othen,1368 Oakridge Street,(514) 6207083
636193,Joceline Edgars,992 Sutherland Lane,(416) 8926551
800216,Westbrook Burkhill,2510 Swallow Lane,(851) 6715835
415207,Carrie Konert,0 Graceland Junction,(522) 7434741
731499,Reggy Binnie,564 Lake View Road,(697) 4364160
260532,Kenn Lowless,03342 1st Hill,(540) 6950591
433201,Bobbie O'Fogarty,272 Novick Place,(987) 8805486
335532,Angy Folomkin,65 Grover Alley,(672) 2321288
259657,Vic Baudoux,907 Fairview Circle,(617) 1354944
430302,Vivianne Ambrose,06736 8th Hill,(496) 8648928
581247,Ivonne Kid,44014 2nd Circle,(230) 5331363
579171,Northrop Franzewitch,35870 Kim Crossing,(603) 9379125
178759,Kimbra Nasi,131 Carpenter Circle,(342) 8351805
798908,Flin Whitehouse,14 Stone Corner Pass,(412) 8746360
314454,Thorstein Sent,8706 Fisk Place,(196) 7599654
733506,Hyacinthe Chopin,07325 Pleasure Alley,(326) 8377207
853573,Alexei Wyldbore,2368 Bellgrove Hill,(487) 9584943
834152,Natividad Ciciotti,0331 Bellgrove Junction,(209) 5925135
555121,Elga Birdall,83742 Tomscot Hill,(618) 4019629
563943,Aura Gilks,66 Eliot Alley,(285) 3351323
120695,Lexy Lamy,7709 Lien Crossing,(827) 1276535
762348,Glynn Arnauduc,1403 Havey Circle,(473) 3321273
612485,Jamaal Cogar,9 Dakota Place,(449) 9477044
899267,Matty McClinton,76287 Mallory Center,(963) 9998569
473107,Karoline Heavyside,2 High Crossing Junction,(746) 9867716
906457,Lainey Armsby,2 Garrison Terrace,(761) 6689884
697912,Jolyn Swane,3203 Raven Avenue,(274) 7966355
175140,Lorrie Hallyburton,935 Clove Way,(333) 7489489
037883,Shaine Huikerby,56982 Hovde Way,(470) 1851937
782428,Jeramey Eaglen,2 Debs Junction,(461) 8947932
423672,Misty Shoesmith,3 Arizona Crossing,(420) 9972862
174474,Adi Fewless,5716 Cambridge Plaza,(244) 1805541
394730,Corney Joreau,3026 Elmside Plaza,(349) 4715392
885722,Dickie Trahair,7056 Doe Crossing Junction,(157) 5653727
120429,Hayes Embery,19231 Corben Drive,(757) 5882496
684772,Paule Peeter,9333 Kennedy Lane,(574) 6260475
661635,Carla Fernier,607 Shasta Terrace,(247) 9557046
052784,Celina Habbema,0 Sugar Drive,(538) 4885681
768617,Catie Vain,60057 Charing Cross Place,(824) 7509730
500404,Somerset Feldstein,1029 Daystar Center,(358) 5560489
060161,Micki Algy,515 Village Street,(909) 4563673
966845,Roanne O'Duggan,0074 Jackson Junction,(472) 3001765
733066,Rolando Tranfield,4953 Farmco Pass,(648) 1002696
875597,Chico Powdrell,843 Weeping Birch Terrace,(880) 7280212
631169,Prent Beton,21607 Forster Drive,(560) 4157401
020784,Hoebart Grange,1298 Fairfield Park,(561) 4606519
263118,Peri MacMearty,87 Forest Run Park,(349) 4828220
601526,Estella Lindenman,595 Homewood Trail,(796) 1600268
556413,Hanny Eyer,81700 Miller Court,(808) 5616180
000889,Kally McConigal,4 Kingsford Road,(305) 9208239
645415,Gilemette Dy,8375 Scofield Center,(229) 2671656
472142,Luis Fold,5232 Little Fleur Circle,(603) 9795285
977080,Miltie Gratrix,6329 Cascade Center,(118) 2632088
884640,Giovanni Viner,19146 Rusk Terrace,(194) 1011529
106722,Vivi Sterland,30 Lakewood Gardens Lane,(332) 7696327
746906,Filbert McQuie,111 Kennedy Drive,(615) 2288929
148017,Moshe Causier,1 Meadow Valley Way,(789) 7545793
483578,Camila Surman-Wells,0 Vidon Way,(887) 9664860
908950,Gianni Mackiewicz,01 Fairview Place,(417) 8616261
266435,Petr McKilroe,9434 Lake View Hill,(861) 7125674
451345,Bondon Fladgate,460 Cherokee Park,(949) 5147810
235623,Artie Troni,22407 Fuller Circle,(682) 5116264
419892,Urbain McKibbin,64107 Chinook Place,(796) 6844047
222681,Consuela Gerrietz,2318 Lakeland Park,(855) 4351084
835386,Marlon Lantiffe,1218 Starling Trail,(207) 4764734
456604,Lauren Gander,4 Sommers Terrace,(403) 4153099
563354,Adeline Benkin,2106 Arrowood Street,(783) 7844921
704867,Adella Kellen,6621 Anhalt Circle,(993) 3753081
866967,Mason Halls,0507 Fallview Parkway,(328) 5874493
931848,Carline Creamer,6 Nobel Crossing,(866) 4385250
343391,Maxy Thomlinson,48 Donald Plaza,(849) 8444182
542115,Francis Hawford,2634 Lakewood Gardens Avenue,(690) 7683249
791998,Michail Hatz,0746 Mallard Park,(346) 9968257
479421,Christiana O'Hanley,6 South Parkway,(349) 7691818
894529,Ronnica Tumilty,18 Schlimgen Pass,(231) 7494505
304256,Robin Rymour,19 Commercial Terrace,(853) 5210591
111221,Mata Brand,56 Dorton Lane,(843) 7440867
076555,Madelene Tonna,39 Rowland Drive,(495) 6743732
651593,Valida Pellissier,74162 Fairfield Parkway,(738) 5262074
473247,Jessika Guirardin,0 Kim Junction,(309) 7618507
532988,Fabien Karlmann,9 Fallview Way,(796) 8617362
750880,Chan Mort,20970 Kedzie Trail,(467) 5599065
522728,Lesli Canellas,93 Banding Hill,(942) 5910841
888290,Howie Sutcliff,0 Continental Place,(974) 8869217
593202,Marcia Badham,1 Esch Alley,(175) 6912730
316279,Carie Bratton,9 7th Avenue,(657) 3245049
231180,Caprice Towers,74958 Sutherland Pass,(967) 5070267
159852,Fleur Streatfeild,3829 Dwight Point,(734) 2055083
713256,Petr Holde,00 Johnson Plaza,(733) 8772461
344860,Devina Suggate,49 Eggendart Trail,(990) 8109568
280777,Harmonia Klimko,620 Washington Avenue,(904) 7674954
333552,Darcie Grzelczyk,036 Chive Trail,(581) 7460200
716085,Jacquelin MacGiolla,10819 Kedzie Plaza,(734) 9223675
907709,Cecelia Jose,3928 Manufacturers Trail,(437) 6713451
272160,Ethyl Tompkins,2 Waubesa Junction,(829) 8651733
114492,Nils McSaul,4054 Randy Junction,(393) 9364300
052441,Clayborne Lukins,579 Lien Center,(993) 1776194
143121,Brok Leele,82701 Miller Pass,(946) 8877525
819088,Bryon Biers,42596 Burrows Lane,(491) 3936412
218341,Ilse Kersey,9180 Eliot Terrace,(215) 9844174
796712,Norry Drees,91 Ridgeview Park,(188) 5239321
776331,Rochell Mulqueen,139 Lakewood Parkway,(267) 4917758
819564,Clare Drable,0 Lien Junction,(895) 9634382
788810,Jesus Peepall,150 Sundown Avenue,(785) 8088462
653227,Neron Palphramand,438 Coolidge Trail,(796) 9110771
518704,Trix Orth,355 Harper Park,(930) 6250635
608308,Bettine Hegdonne,410 Namekagon Plaza,(886) 9923894
172342,Abbye Bonhomme,12 Straubel Pass,(271) 1256211
339309,Derby Dosdell,4 Acker Way,(766) 1997813
142467,Frazer Madgett,9 Jackson Avenue,(759) 7106587
525899,Rafa Tollit,87497 Hazelcrest Way,(319) 3775422
228605,Nisse Piatkowski,013 Del Sol Lane,(212) 9211587
912337,Shana Gianullo,2 Washington Park,(682) 8453446
985993,Gianna Doring,8505 Riverside Lane,(157) 7179687
017119,Aymer McCahill,666 Schlimgen Park,(933) 4494709
560400,Marja Foxen,2980 Elgar Place,(752) 6872296
224540,Freedman Cotgrave,461 Comanche Crossing,(805) 9345457
769325,Sheff Kingerby,91795 Fulton Alley,(456) 7409983
596898,Win Dashkovich,110 Delladonna Junction,(806) 8457048
014782,Brewster Archibald,32316 Mockingbird Hill,(677) 5026080
592396,Cristen Robyns,11158 Delaware Avenue,(928) 2001463
497353,Reeva Kocher,43552 Moulton Place,(198) 4184503
142113,Hort Scoggins,03248 Dunning Place,(901) 8161816
692850,Roberta Keaves,15604 Crownhardt Road,(426) 3053958
900664,Jase Kahan,4065 Melby Junction,(174) 6495119
846651,Elke Roswarn,10636 Bayside Point,(581) 8909215
337262,Leonard Toppas,147 Rigney Crossing,(450) 1356771
105654,Maison Renals,63 South Center,(592) 3809018
826905,Truda Pestor,078 Butternut Plaza,(833) 4006178
400640,Vincent Ghelarducci,868 Cody Hill,(440) 4950386
406466,Curtice Liston,22395 Spenser Circle,(426) 8431812
394183,Charity Decourcy,1252 Moulton Road,(345) 2747704
235998,Milissent Balmforth,5012 Dunning Point,(838) 2713982
120556,Louie Leroux,8 Waywood Hill,(317) 8733465
911970,Daveta Burstowe,1 Cottonwood Street,(427) 9954710
187415,Bartholemy Embling,35884 Walton Center,(222) 9791360
998959,Karlie Longina,01283 Reinke Lane,(800) 9820678
921489,Luise Lehr,00 Maryland Avenue,(431) 9436925
476975,Bartlett Amber,84 Quincy Parkway,(444) 5568362
518645,Gloriana Shearwood,848 Farragut Trail,(193) 7244689
365389,Marillin Sleath,9928 Scott Crossing,(102) 8855793
213688,Lanae McWilliams,47516 Division Terrace,(136) 8842385
014234,Nananne Meikle,1 Saint Paul Parkway,(109) 1850430
269397,Araldo Nono,41238 Hauk Parkway,(829) 1927654
349539,Vanni Sudran,8817 Cordelia Avenue,(990) 7581272
322522,Ricoriki Hancell,89 Jay Plaza,(580) 8586455
442722,Granny Ettles,43614 Susan Way,(388) 4947828
536346,Hillier Cogley,3861 Montana Crossing,(563) 7608833
701764,Whitney Bakesef,459 North Place,(709) 1090914
451388,Wyatan Cordery,3 Kennedy Center,(728) 7977156
674289,Jacquelynn Crother,67347 Maple Wood Park,(389) 1727638
628490,Alden Tort,50756 Golf Court,(190) 4259620
831649,Bradney Tine,90990 Luster Road,(897) 2344818
174265,Wyatt Lundbeck,5 Pankratz Circle,(762) 8969158
939712,Tessy Veasey,9286 Kedzie Lane,(932) 2384643
766308,Amelie Abbitt,47468 Reindahl Alley,(698) 9151957
414140,Franz Cudby,6 Jenifer Park,(308) 7274192
936788,Levy Murton,60 Lawn Road,(598) 3301212
498089,Ximenez Boughtwood,6455 Gulseth Place,(633) 7106271
815034,Gwen Glyn,9729 Toban Pass,(320) 1237640
335660,Bibbye Basilotta,7878 Onsgard Crossing,(179) 4812950
057666,Felice Yurtsev,0 Fuller Trail,(172) 2711160
549840,Joelie Thacke,0 Ohio Circle,(534) 7726997
672773,Ashley Tatters,4866 Nelson Park,(397) 5512452
041344,Naoma Labarre,3 Donald Park,(591) 2500009
692757,Rinaldo Dark,0 Jenna Parkway,(905) 2759381
174656,Staci Stobbe,8422 Park Meadow Lane,(836) 3331299
508458,Dael Norley,8915 Scofield Plaza,(867) 6229293
646540,Krisha Orht,546 Grayhawk Way,(917) 5423286
111389,Drusy Andreoletti,6271 Elmside Crossing,(912) 4994507
510640,Kelly Ceaplen,36 Sherman Avenue,(666) 1068284
320642,Joshuah Purselow,2 Sunnyside Court,(183) 2970105
896972,Ginevra Hercock,0 Anhalt Alley,(989) 9814794
429978,Lay Mackin,02065 Brentwood Circle,(815) 8029821
012975,Nixie Mattacks,0940 Stang Point,(651) 3319230
180161,Michael Sandilands,222 Cody Terrace,(165) 3576324
907343,Keary Antonov,048 Elmside Park,(839) 9875694
665045,Marcela Cullingworth,3 Little Fleur Avenue,(137) 8653448
685051,Annabal Kumaar,4294 Menomonie Lane,(694) 7633385
225203,Alessandra Rowett,16 Katie Plaza,(477) 2672710
367484,Brigida Hovenden,82425 Sullivan Parkway,(799) 3347452
952012,Jonis Gouck,8 Raven Avenue,(591) 7809391
503671,Gayler Benneyworth,197 1st Road,(529) 1666498
058433,Dionysus Donisthorpe,67707 Chive Trail,(175) 5747726
900602,Liva Odd,9 Gerald Drive,(411) 1781780
985352,Beckie Peatt,2 Randy Parkway,(439) 8080887
532413,Charles Zotto,26 Vera Junction,(296) 4173932
802707,Syman Legg,95138 Cherokee Center,(170) 8728492
398715,Karil Breakwell,2201 Elgar Plaza,(941) 3427843
211571,Bertrand Mocher,7 Warrior Road,(819) 6415175
376345,Ray Elsegood,098 Dottie Lane,(160) 6406020
539269,Harlene Scourge,90546 Briar Crest Center,(308) 8177227
289826,Dex Mahady,86 Logan Center,(861) 8255839
417138,Baxter Boyfield,363 High Crossing Alley,(912) 6178173
540061,Robinia Malbon,20769 Green Ridge Alley,(357) 6962987
831363,Stearne Gaddie,31733 Forest Run Road,(649) 6658708
820820,Victor Oag,738 Mifflin Place,(696) 6667228
688150,Krista Pragnell,72166 Charing Cross Pass,(680) 5079844
885401,Thane Somerlie,14 La Follette Way,(780) 7246130
397025,Selby Pressland,45742 Mallory Court,(775) 9333183
861542,Chrysler Dimitriou,8 North Drive,(496) 2455644
146249,Lizzie Gethins,18155 Prairieview Junction,(715) 7428968
058386,Emyle Laydon,12018 Oriole Place,(514) 5742865
271409,Prissie Apfel,435 Northport Avenue,(158) 4263277
296181,Zulema Bennellick,2064 Eastlawn Trail,(566) 9602119
687718,Wells Ianilli,4 Eagle Crest Street,(220) 3468475
412003,Dianna Yeskin,32193 Vidon Street,(153) 8387789
867520,Yolande Damiata,7 Forster Place,(120) 3800922
608021,Wain Darlow,3540 John Wall Hill,(696) 7621072
327694,Abbey Clitheroe,2146 Maple Wood Park,(787) 6629735
439942,Kally Haire,5 Prairie Rose Street,(851) 2867170
066664,Ara MacCaffrey,9 Aberg Crossing,(636) 6007763
096013,Helga Davson,5825 Dunning Way,(779) 9883087
916514,Jedd Bruneton,9 1st Center,(190) 9427117
562300,Tab Gudgeon,71 Columbus Circle,(101) 9072992
687277,Seamus Birdis,4681 Pleasure Crossing,(142) 4743308
252405,Ludvig Dionis,94090 American Crossing,(376) 2128406
749317,Rolando Borgnet,78215 Charing Cross Park,(858) 4394788
721113,Savina Gerhartz,7285 Chinook Junction,(785) 6082473
800767,Timmi Balnave,7618 Vera Junction,(961) 2219755
116193,Lyon Broxholme,875 Oriole Circle,(292) 1893012
402484,Brod Nation,79572 Del Sol Center,(191) 2324586
333272,Julie O'Dwyer,50005 Fulton Avenue,(100) 7760799
434500,Jaime Myerscough,53794 Granby Avenue,(410) 4608044
451707,Clerissa Blackie,35 Nancy Plaza,(700) 3540937
422316,Candida Overy,74006 Maple Wood Plaza,(946) 7633657
670839,Randall Klima,31917 Bobwhite Park,(363) 2335800
230806,Barty Berford,3 Summerview Center,(827) 8354605
629711,Loren Rosenstiel,072 Mosinee Circle,(970) 8452472
794254,Molli Heggadon,5406 Springs Way,(333) 7707438
018898,Veronika Quiddington,92790 Corben Hill,(838) 9457968
723933,Candace Cattermole,6 Mallard Terrace,(825) 6763447
827348,Florina Dumberell,6 Pawling Lane,(254) 7583409
610209,Bartholemy Attwoul,752 Carioca Street,(334) 3187144
568764,Tootsie Meneer,91 Portage Way,(878) 3897266
461697,Melodie Collicott,83 Aberg Hill,(711) 5836960
629303,Hamid Wisbey,91754 Sugar Pass,(157) 1217960
498073,Felizio Meade,938 Helena Center,(446) 5941298
818690,Millie Wetheril,98114 Walton Center,(230) 4111215
701065,Evyn Giacomo,940 Fieldstone Crossing,(634) 1392812
757720,Evanne Brane,554 Kinsman Trail,(784) 7635858
959775,Joachim Jenson,69500 Namekagon Point,(380) 2176349
839252,Rose Lowcock,036 Sheridan Point,(472) 4865035
811995,Heida Kirwin,921 Myrtle Street,(972) 3633514
847404,Sacha Jaumet,026 Manley Avenue,(944) 6520293
537167,Ricardo Murch,331 Stone Corner Hill,(609) 2145267
492318,Elga Greensides,46136 Sommers Trail,(484) 1324162
882313,Nanni Flanagan,52375 Mcguire Crossing,(744) 8825367
875751,Wash Charter,47796 Eggendart Point,(100) 4003768
492183,Lola Sweatman,82 Clemons Way,(433) 4036158
153850,Tommi Lawn,8 Pond Avenue,(654) 3084386
551983,Lelia Antunez,794 Macpherson Crossing,(300) 9075997
432627,Colleen Amberger,21 Northfield Alley,(997) 9515204
046216,Alain Cockayne,8 Parkside Place,(708) 1284758
400116,Barnebas Vignaux,0225 6th Circle,(305) 5956188
059854,Donovan Elsmere,1550 Rutledge Crossing,(504) 2918182
762630,Grove Burchall,907 Stuart Road,(496) 6405295
053341,Broddy Bridgement,1220 Washington Trail,(819) 7890522
038907,Rita Mallen,38 South Crossing,(159) 6600209
086655,Mitchel Rennicks,7742 Melvin Street,(605) 3262054
340130,Aggy Ianno,8195 Packers Street,(897) 6350121
283227,Lyndsay Rotge,2 Bowman Junction,(805) 2378973
917411,Rodd Mc Ilory,7 Pierstorff Point,(312) 1372294
247661,D'arcy MacCurlye,656 Fulton Hill,(358) 3826143
988214,Adria Ducker,57856 Blue Bill Park Drive,(582) 4850474
351873,Ophelia Terrell,36538 Blaine Circle,(328) 4302781
159100,Orelle Zoppo,09357 Loeprich Avenue,(298) 2990143
173793,Christiana Ricarde,39 Hudson Trail,(914) 2390092
477755,Sarah Knight,980 Northland Terrace,(618) 8736406
022243,Franny Chantler,688 Independence Terrace,(284) 3021042
225481,Tabby Metrick,8446 Meadow Ridge Alley,(561) 2122371
895896,Halimeda Chataignier,04326 Commercial Trail,(608) 2586301
597587,Theda Cavie,116 Little Fleur Avenue,(699) 7103733
301610,Ronda Flatt,2 Milwaukee Drive,(657) 7243855
414163,Stevie Sulman,68 Shelley Parkway,(815) 5079750
258903,Gibby MacAlinden,314 Golf View Trail,(129) 3422964
832647,Tonye Johanning,6987 Logan Center,(896) 7731577
187887,Bev Rodge,411 Myrtle Park,(225) 2118703
285264,Timmi Whittaker,31 Sutherland Plaza,(772) 6613654
100604,Lurline Voyce,64 Porter Place,(133) 6655926
615076,Neile McCarroll,4475 Nelson Point,(473) 4770967
695187,Sari Spillett,9 Spohn Point,(492) 8341073
953330,Jacinda Raigatt,7130 Gale Circle,(173) 9104510
929165,Winna Findley,1414 Maple Wood Pass,(286) 1114231
223291,Wynny Eloi,20 Pawling Drive,(490) 3805169
838396,Fidole Sprowell,840 Anderson Alley,(654) 1283985
094764,Ara Luparto,24 Norway Maple Point,(308) 4503865
788831,Isadore Widdup,1853 Meadow Ridge Terrace,(741) 3622060
666070,Anica Blowfelde,23 Maple Trail,(544) 3632466
957077,Maura McGilmartin,95 Memorial Alley,(834) 1039285
425328,Dorris Izakoff,95488 Warrior Place,(986) 5484837
742929,Graham Ellyatt,45371 Haas Lane,(589) 5354610
947367,Emmeline MacIver,8 Thompson Circle,(349) 1320889
541712,Conrado Lukianovich,128 Vera Crossing,(759) 9992585
712935,Ephrem Haney,5636 Mosinee Hill,(686) 2778063
215968,Erwin Brammar,206 Meadow Vale Lane,(361) 9621927
421125,Zach Sutherel,16749 Stone Corner Lane,(731) 9984490
911585,Giraud Millican,799 Talisman Pass,(441) 7792032
938904,Garnet Gerram,06 Laurel Place,(933) 4973671
163961,Sterne Kisar,33581 Arrowood Plaza,(626) 3494190
079676,Maximo Edbrooke,977 Basil Circle,(930) 6439907
501172,Emmeline Wickman,59 Bartillon Pass,(578) 4648583
360076,Alvera Robb,30358 Burning Wood Junction,(921) 9067965
424164,Lisha McDowall,0415 Oak Way,(406) 7819094
333920,Demetri Clearie,1783 Elgar Pass,(818) 8509421
404283,Eden Pocknell,7 Shasta Pass,(981) 9881907
712995,Richy O' Mullane,779 Wayridge Trail,(190) 7715271
278464,Abran Hartwell,405 Moland Plaza,(683) 3416565
263684,Vannie Longmore,1 Katie Center,(757) 1446432
201660,Matilde Seldon,36682 Schlimgen Plaza,(626) 8555142
928411,Melanie Januszkiewicz,2043 Haas Street,(844) 2326560
482651,Idelle Trenbay,5252 Susan Point,(363) 9207430
123162,Leonore Muston,1 Merchant Circle,(607) 1494592
720578,Beltran Abys,3 Brown Park,(702) 5212952
686791,Brook Browncey,17 Mallory Park,(988) 6696017
190599,Florentia Assante,798 Village Junction,(153) 6506493
859090,Gaylor Jeppe,556 Packers Trail,(609) 1913507
047688,Ola Leversuch,794 Vidon Drive,(635) 7325243
353548,Susy Flay,064 Butterfield Parkway,(829) 7167969
296472,Farrel Cropp,7019 Kipling Parkway,(554) 4845353
618929,Kara-lynn Enga,7 Ridgeview Pass,(464) 7824332
232342,Wilfrid Shirt,678 Kingsford Crossing,(109) 3316024
250809,Max Gomm,7431 Algoma Avenue,(874) 8843845
540626,Mortimer Wenderoth,966 Farmco Crossing,(207) 1875653
545292,Ezmeralda Zanicchelli,26479 Del Sol Trail,(396) 1532939
770132,William London,61445 Knutson Way,(873) 2379007
161764,Carrissa Body,283 5th Court,(615) 2409275
043015,Durward Sisland,2833 Carberry Center,(121) 6551500
292454,Jo Beyer,79 Raven Avenue,(705) 9463612
248129,Kari Chasemore,27 Duke Alley,(512) 4066375
588198,Mart Landers,0325 Straubel Avenue,(494) 2099248
610266,Derrik Collick,6 Brown Plaza,(228) 7084903
126937,Eleanor Daspar,51154 Sunnyside Place,(177) 7968218
807354,Wrennie Babbs,54 Kings Trail,(831) 6724950
888769,Gillian Gallemore,162 Sullivan Center,(604) 8909040
240679,Loella D'Adda,616 Browning Pass,(321) 6484883
347543,Roxine Apfler,57 Ridgeway Junction,(594) 1789139
330719,Francyne De Atta,485 Claremont Pass,(719) 6209915
280648,Arch Lukovic,8466 Larry Center,(795) 8363029
535886,Iolande Pesek,82268 Twin Pines Crossing,(404) 6457443
916088,Samuele Jeandot,2805 Lillian Center,(235) 2974479
529858,Gerrilee Mathieson,934 Badeau Crossing,(737) 4436989
824982,Netti Laverack,267 Maryland Lane,(561) 6550398
149564,Layton Rickell,70 Stoughton Way,(877) 7495739
045340,Hedvig Roe,3 Lunder Trail,(643) 7760824
688030,Derward Dumingos,41 Shelley Parkway,(292) 5345339
958962,Lorrin Bosma,2 Anthes Crossing,(452) 9643359
071143,Lizette Basini-Gazzi,064 Pankratz Junction,(514) 5666762
281463,Reba Oakenfull,4 Harper Avenue,(440) 6313601
682325,Lem Hanrahan,8857 Nelson Point,(773) 1754123
507940,Adams Petty,410 Northfield Trail,(976) 9231929
430097,Verla Hubbuck,72180 Waxwing Street,(116) 3320580
202336,Evania Hynard,3110 Westport Parkway,(319) 8441196
131572,Grannie Aspling,7654 Anderson Circle,(326) 4548238
901685,Constancy California,5 Sunfield Way,(242) 6742567
671930,Grissel Kleint,590 Heath Park,(423) 7250472
891961,Hurlee Etchells,67 Service Center,(861) 8211695
263609,Devi Ogelbe,91 Pepper Wood Trail,(433) 6789492
506884,Ram Lau,656 Chinook Crossing,(937) 6926869
267457,Tawnya Bonelle,9903 Jenifer Crossing,(750) 5742252
983502,Dew Tindley,4 Crownhardt Crossing,(107) 7825228
951876,Welbie Clemence,7 Sheridan Hill,(175) 8622133
013799,Dottie Stoaks,1494 Nancy Drive,(693) 2216843
798407,Margaux Hepher,599 Magdeline Avenue,(484) 5747784
627403,Orly Monckman,875 Buena Vista Terrace,(419) 1476199
108689,Ryon Housden,8 Esch Avenue,(401) 6824797
640825,Harlie Feldmann,44 Warrior Terrace,(941) 7513757
489057,Wilfred O'Rowane,7 School Alley,(217) 1385362
188539,Emera Ingon,29095 Starling Center,(142) 4963323
204566,Garrett Celier,9 Sunnyside Street,(462) 5708244
929486,Irvin Lucock,39 Oxford Circle,(244) 2400393
814201,Vincent Danis,88604 Miller Street,(562) 8772582
738887,Dianne Froggatt,495 Dahle Road,(655) 4839467
406277,Darya Stedell,412 Dexter Junction,(728) 6780930
708456,Ahmed Drinkhill,61777 Blackbird Pass,(369) 3859355
861785,Lucita Hogbin,8754 Kinsman Center,(317) 3905285
814130,Vernor Trail,996 Paget Terrace,(823) 7635526
461526,Janene Hancell,88055 Forest Dale Avenue,(996) 9977877
159110,Gerek Bambrough,954 Bultman Road,(500) 3160819
769758,Berke Bleazard,3716 Grover Circle,(318) 5040841
362495,Packston Lowres,93459 Lakewood Lane,(175) 9726244
146460,Dillon Hiseman,8 Arizona Street,(495) 3149677
318398,Karlie Rabson,0 High Crossing Hill,(871) 1656241
129912,Chevy Linbohm,7343 Bluestem Junction,(686) 4533610
073366,Archer Grigolon,760 Clyde Gallagher Street,(240) 6226722
348510,Normy Senyard,51 Thierer Way,(633) 2821538
634147,Roxy Grelka,7 Reindahl Drive,(600) 5334654
598310,Godard Rubenfeld,37 Anthes Point,(606) 6178507
765251,Agace Gartenfeld,21630 6th Pass,(520) 4189210
360111,Nickolas Humpherson,610 Anhalt Drive,(820) 5398444
640974,Alair Cobelli,1 Ridgeway Park,(446) 8300106
391944,Viviyan Valente,9 Rowland Way,(400) 1809673
447483,Allayne Loraine,13 Del Mar Park,(344) 2539235
470976,Aldo Merton,00350 Stone Corner Plaza,(989) 3870866
261561,Cele McCarney,0421 Doe Crossing Circle,(832) 4983735
309342,Dallas Cuttin,625 Continental Point,(382) 9122820
339421,Aubrette Edens,38687 Eliot Center,(691) 8823139
412596,Loleta Arminger,0932 Magdeline Avenue,(282) 1444599
632845,Gallagher Shurmore,36 Welch Plaza,(256) 8373247
974185,Portia Bramley,01756 Bunker Hill Crossing,(709) 3114977
309425,Westbrook Doreward,17 Victoria Circle,(955) 2052009
334208,Aurie Dutnell,8 Forest Dale Road,(557) 8549699
836085,Ardine Karpychev,45 Granby Park,(716) 7843839
710061,Bellina Boundley,43 Bluestem Plaza,(941) 4245297
797108,Antonin Conquer,5686 Warner Drive,(310) 2629101
527260,Starlin Haughin,2 Grayhawk Park,(469) 5342276
599836,Traver Moir,30368 Steensland Parkway,(905) 5608486
258726,Aldin Casillas,14 Columbus Terrace,(353) 5288981
979050,Cathi Colerick,2 Stang Plaza,(534) 7303521
615024,North Nathon,484 Portage Park,(178) 3362705
536682,Stacy Dumigan,0 Bayside Parkway,(715) 6818754
796491,Mickey Rasmus,60477 Hazelcrest Parkway,(653) 3270125
250478,Gloriana Dilrew,3620 Hoepker Point,(659) 2105453
559419,Wendie Biasio,165 4th Trail,(482) 7666648
174342,Nickola Burgan,88 Victoria Court,(717) 3967905
127311,Larina Vernham,7 Melvin Pass,(854) 5192964
546702,Henry Miklem,38973 Prairieview Drive,(717) 6632712
662663,Carley Fewlass,9 Bobwhite Center,(966) 6043599
498256,Lexine Drinkhall,31 Hauk Circle,(716) 5563834
873613,Hamlin Wingar,844 Steensland Circle,(547) 1682315
556799,Selby Di Gregorio,31 Annamark Alley,(268) 8420397
991155,Nani Pont,1943 Shopko Lane,(853) 9697169
823126,Huey Loges,826 Armistice Drive,(971) 7224546
978021,Bartlett McKinstry,99736 Daystar Drive,(877) 3714684
529022,Dael Pedrocchi,63728 Jay Street,(831) 9422319
899429,Gwyneth Hancill,807 3rd Court,(447) 4047781
865775,Arnie McIlvenny,497 Memorial Trail,(754) 1405442
204028,Randie Pichmann,451 Hazelcrest Circle,(736) 5296651
571055,Shanan Clyde,1 Lunder Court,(284) 4323899
927360,Odelinda Petrozzi,10881 La Follette Street,(426) 3406727
436184,Ashbey MacDavitt,1695 Division Circle,(155) 6962507
732064,Donavon Minall,2426 Summit Crossing,(403) 1095419
319234,Sula Tolcher,1 Dwight Parkway,(209) 7030355
762319,Krysta Feasby,20 Forster Road,(447) 2361896
727008,Scotti Meatcher,0931 Elka Drive,(600) 6310624
050997,Caz Lapides,60 Trailsway Point,(697) 2455829
634499,Britt Fowls,1645 Victoria Center,(539) 4483602
573185,Ginnie Summerscales,83 Porter Lane,(450) 2818756
906127,Cesya Ajsik,7 Stoughton Alley,(745) 7134018
046075,Sutherland Laxen,78 Division Court,(167) 8864659
519222,Juieta Buckerfield,39643 Melody Point,(256) 9994323
917163,Querida Harrismith,808 Autumn Leaf Avenue,(312) 7197997
974402,Torre Clyma,8 Crescent Oaks Park,(997) 1761430
004510,Lani Aldrick,382 John Wall Drive,(542) 3864545
809071,Witty Megarry,95 Pankratz Trail,(705) 1764251
176146,Arni Peirazzi,84 Service Plaza,(271) 9391658
822912,Lisabeth Dorian,1073 Ridge Oak Park,(497) 4114795
461503,Rose Aslet,876 Buell Center,(811) 4307886
827218,Rosabelle Amery,85516 Green Parkway,(371) 9663856
088148,Cynthea Bras,20 Red Cloud Parkway,(294) 1476196
897445,Lorri Vernazza,9 Dwight Road,(693) 4156450
536275,Twyla MacKill,8588 Mifflin Point,(333) 3712681
069807,Tam Jouannin,927 6th Trail,(992) 4451602
225832,Lorraine Steptow,57 Westridge Place,(997) 3078020
323620,Sal Edgcombe,673 Banding Center,(898) 1478069
528272,Traver Tidy,3 West Circle,(437) 9078084
691462,Skippie Willes,581 Texas Trail,(116) 5489926
423840,Lonni Shubotham,1 Luster Park,(931) 5372181
149401,Shanda Stenning,78 Chive Lane,(566) 7720814
315610,Jodee Wackley,13060 Acker Alley,(640) 8447444
278576,Madalyn Bonallack,25 Hooker Hill,(336) 1676432
235347,Dino Augustine,89 Mariners Cove Avenue,(778) 7176474
829920,Annadiane Yakuntsov,51 Washington Avenue,(916) 9019085
969500,Franklyn Jahndel,9448 Acker Alley,(797) 2356615
007474,Sayre Hartropp,593 Ridge Oak Junction,(254) 6620991
528401,Perren Kefford,981 Ridgeway Pass,(357) 5830444
705933,Giulio Harby,15420 Summit Alley,(289) 2850349
068195,Collette Tolussi,38846 Heath Alley,(831) 2683829
898515,Kial Tilt,52 Clove Alley,(540) 2967490
825867,Quinn Scruton,88 Clemons Terrace,(163) 4206196
541311,Kali Follows,25 Oak Valley Parkway,(352) 7239685
850635,Hedvige Orrobin,1 Chive Hill,(726) 5255126
001124,Estevan Olfert,8463 Manley Plaza,(920) 2663217
585402,Perren L' Estrange,502 Comanche Plaza,(407) 8840985
606028,Etienne Barnbrook,58032 Farwell Drive,(711) 8428913
469791,Yank Livezley,626 Melby Point,(762) 3879256
866090,Crissy Domke,06 Lillian Lane,(860) 1625311
187616,Christoffer Morcomb,2 Coleman Pass,(373) 9132884
499306,Annabella Runnett,35 Del Sol Circle,(905) 4901103
987831,Reilly Langwade,5091 Brentwood Drive,(820) 8259149
134834,Livvy Yarrell,4706 Pawling Street,(823) 5492687
719414,Dreddy Pesek,31 Old Shore Drive,(704) 5775479
946679,Shanta Giacaponi,17961 Red Cloud Point,(738) 3176387
234250,Brander Gething,7 Montana Way,(437) 6475870
942405,Constancia Snawdon,2 Bartelt Court,(579) 9635951
954957,Cindelyn Ragbourne,52301 Saint Paul Lane,(277) 3039880
643935,Halette Washington,53538 Tomscot Lane,(174) 9687506
654349,Velvet Frentz,0135 Superior Center,(334) 2508040
323699,Marsiella Deeman,8174 Kim Alley,(680) 7301117
200985,Grissel Eakly,85627 Evergreen Junction,(337) 5776847
670050,Nikolaus Tosspell,369 Sullivan Point,(107) 5160575
987820,Murial Courteney,85 Myrtle Plaza,(226) 1266320
627158,Zena Bisset,8792 Sycamore Circle,(334) 1434585
117143,Zachary Mcall,9 Eagan Point,(144) 9947475
862144,Estevan Woodhouse,8 Reindahl Avenue,(789) 5754777
141655,Kali Summerson,1 Dawn Road,(924) 5122693
507414,Robin Heppner,0 Cody Terrace,(292) 4295899
098538,Kincaid Tapscott,8 Montana Trail,(246) 9810687
428966,Sterne Maffy,42 Mifflin Junction,(843) 7679137
271965,Noelle Wombwell,63761 Farmco Street,(549) 7325767
930095,Jeddy Domm,570 Fair Oaks Center,(305) 7801020
551730,Rozella Hold,6134 7th Lane,(304) 2452303
301203,Kerianne Drain,60 8th Court,(772) 7723047
224382,Eugen de Marco,0591 Fallview Road,(468) 6452596
517160,Millie Pallant,95 Pine View Terrace,(827) 9218718
269277,Charline Skipsea,64 Esker Drive,(410) 9856348
275999,Mercy Grzegorzewski,92 Spohn Place,(846) 1473700
716473,Ainsley Chad,40786 Straubel Junction,(756) 3632479
827984,Renee Connow,4 Manufacturers Plaza,(528) 7496555
534361,Theodosia Bidgod,096 5th Junction,(955) 3690371
690457,Kitti Maro,279 Springview Point,(648) 5078889
064873,Rafe McIlmorow,290 Arkansas Way,(660) 2304256
264798,Cherie Lewis,0710 Park Meadow Trail,(103) 9529731
557189,Clementina De Bischop,6 Maple Park,(872) 7878879
757902,Gregory Hingeley,28067 Hermina Crossing,(717) 8805075
476071,Kata Prendeville,06 Ridge Oak Terrace,(792) 4587920
167322,Charmaine McGow,74744 Lake View Junction,(701) 5888669
050884,Sheffie Standrin,13 Northridge Hill,(212) 4822015
157429,Stephani Cutmere,92711 Colorado Hill,(649) 5882533
944135,Julius Gordge,9 Graceland Crossing,(280) 5850271
724621,Chere Danielot,3952 Corben Lane,(248) 1257944
179091,Traver Johantges,64 Jackson Lane,(624) 8767968
011232,Ulises Marzello,61534 Muir Center,(671) 4914522
524382,Reynolds Struss,6 Autumn Leaf Park,(514) 1622567
086932,Ricoriki Beever,83008 Gina Road,(788) 4782059
242816,Gerald Borland,12767 Hollow Ridge Trail,(962) 7602024
489387,Martyn Frape,401 Forest Dale Crossing,(802) 6738955
003050,Ansell Sapauton,30016 Jenna Court,(441) 5997119
062605,Isidore Lower,773 Marcy Circle,(925) 2776603
737633,Ronald Twelftree,30787 Heffernan Pass,(288) 6102092
931154,Nickolai Whitwell,933 Fairview Circle,(291) 5404898
080728,Derry Pughsley,99200 Meadow Ridge Pass,(517) 2075349
016910,Ricky Skeeles,20897 Namekagon Point,(149) 3088681
678790,Edyth Druce,192 Glendale Parkway,(756) 6576212
575503,Elga Ingham,4 Michigan Place,(622) 4896495
304471,Skyler Elphinstone,7141 Comanche Court,(170) 3381829
752895,Egon Suthworth,9410 Porter Court,(360) 5823417
757545,Ardis Trevallion,584 Manley Pass,(398) 9640072
706980,Shawnee Toquet,7 Welch Circle,(772) 6840993
680124,Kelcey Gaydon,8067 Gale Terrace,(644) 6396184
310528,Rici Tirrey,7871 Starling Parkway,(238) 7300804
968948,Darda Pregel,2341 Forest Run Street,(894) 7850909
571142,Talya McCloughlin,05492 Twin Pines Trail,(539) 4383829
644038,Lisabeth McHaffy,451 Lake View Alley,(251) 7339572
892517,Elnore Hoonahan,4 Dennis Alley,(398) 4686104
300370,Katrina Yirrell,7 Hanson Plaza,(646) 2568533
271975,Haven Thirsk,2 Vidon Pass,(236) 9070931
875522,Olga Ensten,1855 Hoepker Place,(626) 9623540
361640,Anatollo Langthorne,11 Packers Lane,(270) 3901647
180867,Augustus Oller,6116 Blue Bill Park Junction,(773) 1636192
499761,Brenna Reynault,989 Farwell Plaza,(284) 5297951
106355,Averyl Queyeiro,0 Haas Point,(440) 1104456
505028,Gustav Noulton,76191 Twin Pines Street,(841) 2901879
001721,Isabeau Leask,5 Thierer Parkway,(900) 9434379
681486,Millisent Hymus,45 Vahlen Park,(512) 2991297
345929,Chantal Haeslier,70780 Becker Court,(749) 8129387
150464,Whitby Brockelsby,05 Arkansas Alley,(142) 4388176
616211,Lissa Bordiss,7 Bayside Trail,(556) 3543519
376192,Tamarah Rodgier,489 Oxford Terrace,(463) 6449740
697531,Tab Strowan,13007 Mendota Alley,(776) 2100144
966565,Anthiathia Teaser,9204 Merrick Pass,(518) 1525260
575566,Zak McAlees,7588 Hudson Park,(421) 9223226
947360,Odey Manes,0331 Everett Junction,(454) 1284641
985448,Ban Howler,2 Burrows Place,(365) 7416962
575675,Beryle Grinaway,4029 Arkansas Park,(517) 3423117
112881,Babbie Folliss,65479 Crownhardt Plaza,(823) 4315676
962744,Randie Tosdevin,5 Bultman Court,(413) 7733006
025145,Violette Frise,95675 Carberry Terrace,(184) 2680228
505473,Sherline Scadding,7 Havey Trail,(813) 9468259
606088,Willie Boncore,9733 Beilfuss Trail,(659) 9064746
443251,Ammamaria Balogun,512 Fallview Way,(791) 8485946
316569,Nina Ruddock,73826 Moose Avenue,(558) 1013099
050212,Pavla Hauck,9 Bowman Crossing,(990) 4646716
740905,Ursula Trinke,59922 Mockingbird Way,(729) 5254187
317936,Rycca Bloys,16163 Montana Street,(256) 8722099
271627,Genna Gyer,303 Loomis Circle,(166) 2261045
631069,Briggs Lomath,6 Blue Bill Park Place,(539) 2767071
839233,Burton Darque,98 Toban Center,(780) 1330273
552353,Bernelle Kamienski,88398 High Crossing Parkway,(916) 8559516
884376,Wynn Farland,43854 Bluestem Place,(346) 4859196
199582,Heida Finlaison,3708 Banding Park,(385) 5971883
954389,Sean Longley,76114 Katie Road,(408) 1398228
662719,Ebonee Fidian,7 Montana Lane,(370) 4506891
209670,Nicholas Cradduck,1 Division Avenue,(475) 4352132
736135,Zandra Daouse,45 Donald Drive,(441) 3052772
714374,Darelle Lagne,7 Brown Parkway,(163) 2522289
738529,Mathilde Broadhurst,77763 Haas Court,(413) 1451870
933734,Hyacinthia Orbine,79992 Summer Ridge Hill,(964) 9162812
973950,Glynda Gallanders,4152 School Parkway,(937) 9012687
958421,Alejandrina Duffit,91981 David Lane,(625) 7848764
160959,Othelia Helsby,535 Spenser Court,(129) 6401938
377358,Bernadine Matches,5981 Summit Crossing,(284) 5906024
736123,Dian Farfoot,3 Golf Road,(571) 9154115
980785,Dinny Rivenzon,342 Clarendon Pass,(603) 6766114
672846,Burgess Banyard,2955 Butternut Point,(974) 5315440
104146,Nicol Allder,19649 Burning Wood Avenue,(486) 3449088
502637,Kennith Freeth,2431 Jay Hill,(742) 9799705
905641,Josselyn Penella,4 Loomis Hill,(188) 1874222
318068,Wandis Panter,8506 Sunfield Avenue,(510) 5642458
306460,Moyra Stanesby,5086 Bonner Center,(760) 9509591
457252,Lawrence Ferandez,2 Kropf Trail,(534) 4465045
736866,Collen Dorkens,32 Artisan Court,(833) 8999210
393673,Engracia Breeder,7 Gina Avenue,(549) 8083419
704163,Gianna Chapelhow,62619 Paget Street,(890) 7058761
737163,Roze Woolliams,00859 Lillian Place,(937) 4318893
098083,Denver Place,0 Declaration Center,(590) 9258946
092461,Marley Brando,85 Anniversary Street,(334) 1021133
871050,Ranique Surmeir,819 Waywood Terrace,(280) 1888019
943632,Rooney Morfett,51570 Lukken Crossing,(478) 9563288
121001,Hetti Gorton,92 Birchwood Terrace,(675) 4406459
715536,Angelle Daveren,0 Anniversary Drive,(102) 2484516
246058,Darryl Threlkeld,75 Canary Pass,(999) 3420464
585771,Molly Shenfisch,104 Judy Avenue,(223) 7223296
704844,Marianne Stearn,9681 Fremont Center,(639) 4395956
607623,Faye Goldsberry,327 Lien Place,(681) 2797174
375157,Florette Acres,7 Golf Avenue,(453) 8529638
708932,Karia Reyburn,20373 Londonderry Crossing,(788) 6614742
768096,Sheelah Tolmie,15 Glendale Terrace,(467) 1453367
502742,Margeaux Goreway,4152 Bluejay Crossing,(245) 2586609
105745,Gerrie Growcock,96 Dixon Avenue,(713) 1053231
395062,Fabe Pollen,09153 Delladonna Street,(135) 6351635
875180,Vyky Shipcott,24032 Warrior Court,(464) 8251905
464388,Jade Gaspard,40 Mariners Cove Court,(699) 5024103
390048,Domini Ivanitsa,2242 Tennessee Terrace,(691) 4555049
083844,Danit Beards,53034 Sunfield Way,(104) 5347170
265861,Anet Garken,35207 Annamark Crossing,(556) 6287090
155965,Edi Devanny,32788 Saint Paul Parkway,(635) 3319797
624862,Cecilio Birdsall,733 2nd Avenue,(638) 5678053
343214,Chevy Micallef,9 Badeau Circle,(224) 6704665
091490,Lavina Need,5412 Oneill Center,(175) 2165836
050510,Mariele D'Adda,8876 Londonderry Terrace,(571) 7566127
956819,Chancey Tremouille,67 Manley Terrace,(778) 5923754
709963,Karleen Bednell,69 Riverside Alley,(168) 4579372
599175,Halsy Paoletto,4 Jay Alley,(896) 4217373
709563,Skipper Rennebach,4533 Lindbergh Place,(428) 5076309
462262,Dinnie Lukasen,2590 Memorial Parkway,(357) 3448594
244695,Lawry Tippell,33598 Canary Hill,(130) 8463086
114599,Hi Bielfeldt,908 Packers Hill,(463) 2467881
188221,Laureen Fernely,280 Claremont Pass,(390) 2959898
130415,Elbertina Spada,5 Mandrake Road,(475) 8791975
374273,Dottie Lackinton,78 Norway Maple Lane,(972) 5042283
583185,Merrel Keeri,27750 Rieder Trail,(423) 9559281
467442,Virgina Derisly,142 Vera Pass,(257) 9121557
265790,Salomo Tooley,3 Prairieview Road,(543) 1266149
205268,Leoline Beale,9 Pankratz Avenue,(752) 1147769
564996,Fania Harcase,7 Lerdahl Lane,(714) 3066510
976007,Nertie Rogans,412 Paget Place,(582) 9619933
223092,Clywd Schleswig-Holstein,4 Kensington Alley,(614) 4450468
770302,Adriena Brose,29914 Twin Pines Junction,(811) 5069130
586777,Adah Hug,796 Troy Place,(795) 8581278
317362,Elisabetta Pixton,1 Lerdahl Drive,(594) 4802894
012806,Koren Nund,2784 Bultman Way,(522) 8473469
612122,Karie Mulliss,92 Golf View Plaza,(372) 2780698
762098,Charyl Arnald,91 Scofield Alley,(424) 2074027
283322,Adel Darrigone,315 Reinke Terrace,(872) 5131894
022506,Tricia Deny,77693 Mendota Alley,(600) 6167107
507205,Malchy Halfacre,94 Anzinger Crossing,(798) 2164374
084338,Rutter Chaperlin,30332 Golf Street,(169) 1145579
553526,Vyky Brimblecomb,657 Ridgeview Circle,(976) 7363826
531269,Tybi Lapwood,19 Del Mar Junction,(567) 1539801
542659,Mellisent Buske,24261 Messerschmidt Hill,(543) 9703878
232168,Ryann Fawks,3980 Calypso Plaza,(726) 6696510
968222,Emerson Robak,31627 Northfield Point,(769) 5291027
238473,Thedrick Rising,5773 Hanover Road,(134) 8035214
375919,Ramonda Slym,647 Northport Street,(312) 9041427
644793,Ali Bess,3066 Troy Parkway,(654) 7026416
703968,Shea Goddman,62 Artisan Trail,(113) 9697858
843106,Arabele Leglise,868 Comanche Road,(805) 9944256
941163,Nevile Alenov,6 Crowley Hill,(164) 9969712
362761,Sherri Felgat,77184 Elmside Pass,(839) 8207784
622000,Tedie Guillford,64 Judy Crossing,(889) 1995918
559231,Kaja Chugg,30 Memorial Court,(690) 5196742
049824,Nil Andrasch,85019 Dahle Drive,(680) 6319816
990122,Griff Glassard,76 Springs Avenue,(389) 4941570
762885,Tandy Rozet,00518 Oak Center,(494) 1976588
707087,Veda Phillipson,3788 Sage Center,(513) 4632251
975277,Robinet Greneham,2816 Sauthoff Hill,(868) 8053988
454655,Jase Saulter,5873 Hanson Plaza,(937) 2984330
424655,Dionysus Dundendale,3135 Del Sol Park,(307) 2065553
191463,Nikolos Vidler,8387 Lighthouse Bay Junction,(103) 2589061
467995,Emiline Emmanuele,6992 Steensland Street,(309) 5894732
025803,Starr Crudginton,78962 Northview Center,(471) 2050657
049019,Vasili Larter,6556 Eastlawn Lane,(369) 8248963
855162,Annice Clash,28777 Warrior Avenue,(702) 1355471
755346,Marrilee Duffrie,70286 Dayton Parkway,(122) 2444479
049037,Lilia McWhorter,6 Straubel Parkway,(190) 1575138
722649,Bern Bottrell,2702 Lotheville Way,(200) 3872969
138660,Loralie Roddick,46059 Lakewood Gardens Park,(163) 8356184
140806,Korrie Whapham,8 Linden Plaza,(170) 2216172
297569,Graham Jacquet,07164 Mockingbird Terrace,(319) 7538857
834851,Antone Shine,56 Independence Place,(822) 8175342
066344,Junie O'Flaherty,08 Schiller Court,(915) 6950380
821159,Nikola Ghidoni,85 Canary Avenue,(733) 3636152
280314,Omar Hasnip,902 Paget Park,(743) 4862644
654506,Lindie Lockie,23 Grasskamp Lane,(919) 2386270
962094,Gavin Nerney,3856 Schmedeman Alley,(960) 4020749
820699,Benton Leile,95786 Memorial Parkway,(494) 3378410
431546,Hewitt Catenot,2 Packers Hill,(736) 5465240
270828,Eadmund Grigore,7982 Thierer Way,(778) 1391398
529991,Antoni Hechlin,74342 Truax Crossing,(793) 8043553
007881,Dominica Lethbury,514 Welch Lane,(173) 2892436
475893,Latia Shewen,7 Melvin Point,(769) 6950957
615837,Clo Danick,46 Melrose Alley,(622) 8040054
983624,Olag Savatier,85 Coleman Park,(996) 6402177
299031,Anestassia Mitrikhin,48133 Vermont Plaza,(364) 8916837
422298,Gregor Slide,942 West Court,(295) 7505475
074778,Hildagarde Gaveltone,76 Elgar Park,(548) 2753934
848387,Julissa Guthrie,057 Knutson Alley,(253) 1279525
761816,Wallie Meecher,60217 Boyd Crossing,(714) 9548701
787697,Kalil Teissier,6 Heffernan Avenue,(564) 4504033
897321,Leland Eldridge,94 Messerschmidt Trail,(391) 2872966
979159,Trenton Andriulis,63 Sullivan Pass,(428) 4262782
901652,Shirl Gorick,4 Lakewood Trail,(213) 4071477
436331,Ally Pevie,208 Maryland Way,(263) 8206569
239474,Maia Trivett,43006 Muir Lane,(225) 8720824
364304,Matthus Drable,7 Monterey Pass,(576) 1525961
575428,Corri Morey,28804 Washington Lane,(274) 4682537
718823,Grover Lemerie,629 Stephen Pass,(314) 7053766
107422,Sam Poone,3 Kim Drive,(263) 6693667
723334,Hallie Tregonna,98499 Mariners Cove Terrace,(118) 5416108
716595,Morganne Eard,77755 Alpine Parkway,(692) 6994330
285269,Hale Doge,93 Meadow Vale Crossing,(862) 3548546
122836,Moyra Hustings,31059 Eastlawn Drive,(654) 1017563
869351,Luke Ducaen,1560 Russell Circle,(443) 9401511
324416,Cleo Trembath,22246 Anhalt Way,(434) 7761342
356390,Bogey Scud,27 International Plaza,(954) 1510721
853782,Ammamaria McCaughren,722 Bunker Hill Terrace,(933) 6281613
827335,Alfons Righy,41760 Derek Trail,(624) 4793168
813068,Truman Hanselman,062 Glendale Pass,(207) 4972143
970134,Konrad Rumble,7044 Express Circle,(494) 9969651
502841,Lindsay Alten,9208 Brentwood Place,(340) 7848627
126671,Rowland Bedome,0019 Delaware Drive,(356) 9081631
481969,Haven Pigney,744 Donald Plaza,(788) 8263442
339699,Byran Augustus,054 Macpherson Road,(582) 8619060
659823,Gwenore Feldberger,935 Springs Court,(146) 3071138
126463,Gardie Caldecott,74536 Oxford Center,(236) 7165711
359282,Ernesta Pendreigh,2985 Marcy Parkway,(330) 7695832
452688,Margaret Kirton,9288 Main Way,(245) 2716827
570556,Grannie Ick,7872 Texas Way,(916) 4095145
576915,Cherri Goodlet,05488 Delladonna Avenue,(686) 1169280
459102,Valaree Symcox,6 Golf View Pass,(495) 1501349
660507,Kore Trett,2926 Union Pass,(807) 1778744
874165,Arvin Beadel,0475 Monica Avenue,(138) 6504048
571957,Chrissy Morbey,3006 Boyd Plaza,(942) 6293889
739036,Rebecka Suddick,3 Graceland Avenue,(999) 8958276
528526,Ronnie Brikner,715 Golden Leaf Avenue,(725) 6695955
460111,Margret Grimsley,14666 American Ash Junction,(250) 1166553
009609,Daloris Alessandrucci,4 Lindbergh Circle,(979) 6954446
364613,Edgard Marshalleck,3914 Oak Park,(518) 9267910
611258,Adiana Slayford,6072 Petterle Center,(502) 2493196
585268,Aube Krzysztof,5173 Loeprich Crossing,(175) 1641939
389171,Madelene Hambrick,5 Scofield Pass,(942) 8067559
368105,Bryn Greschke,1 Farmco Center,(609) 2752281
521047,Anthony Riche,6 Utah Hill,(970) 8218977
937238,Carce Dreus,026 Di Loreto Junction,(664) 5004178
802779,Erminia Gudge,626 Gateway Trail,(314) 4755379
030960,Daveen Kinnear,76626 Goodland Center,(695) 4991032
776911,Aura Andreix,73017 Shopko Court,(743) 5680022
875922,Sabine Guenther,497 Laurel Pass,(468) 4601650
622854,Sydel Giraudou,25 Melrose Alley,(365) 4808471
871151,Debor Caldairou,511 Service Drive,(271) 9362418
916892,Jourdain Tuck,4542 Oakridge Alley,(485) 9176942
216032,Bridget Snooks,72 Northridge Park,(859) 3874339
006850,Pattin Scherer,6159 Harper Plaza,(764) 2962388
451912,Gianni Widocks,529 Green Ridge Drive,(721) 2959759
169158,Sergei Byrnes,55956 Lindbergh Center,(695) 6788091
897408,Reinold Vaughton,7 Summerview Way,(431) 6577167
134033,Tova Gass,9 Northridge Circle,(174) 3311556
936755,Ulberto Boake,74 Reinke Way,(245) 2839188
832405,Moses Croxon,8586 Loftsgordon Alley,(235) 5784775
130470,Nadeen Rousell,7787 Sugar Alley,(161) 3803905
518454,Tibold Gudd,99 Mariners Cove Hill,(471) 9305309
446007,Glenden Nevitt,287 Kipling Avenue,(524) 3864033
857587,Ludwig Drains,13 Sauthoff Avenue,(121) 5691798
191787,Humfried Tuvey,2 Stuart Trail,(720) 5773985
982822,Minny Hinrich,1463 Dahle Park,(518) 7407082
804352,Alexandr Chalkly,00340 Gulseth Hill,(438) 2422214
024121,Jedidiah Dayly,5 Northview Road,(789) 3742661
497854,Tyrus Tansley,894 Buhler Alley,(736) 2499630
045174,Eula Jephson,17173 Arrowood Avenue,(571) 3043278
460856,Betta Sprowson,9 Milwaukee Crossing,(808) 9980003
048803,Clare Carse,841 Waubesa Place,(727) 8822434
120884,Flori Ludford,9109 Marcy Court,(876) 8417900
160566,Arnaldo Keddy,585 Chive Way,(973) 8949462
892051,Chelsae Christauffour,4305 Elka Place,(270) 5828346
313117,Malena Berryann,6706 Old Gate Parkway,(526) 7779203
985578,Revkah Wherrett,924 Toban Park,(930) 1859032
030820,Ginnie Allberry,69938 Walton Alley,(180) 7557219
400449,Dana Kitteman,33 Calypso Lane,(109) 2718876
591096,Travus Danniell,74 Sloan Pass,(464) 4475122
341695,Franny Frodsham,53 Leroy Crossing,(119) 6945527
432637,Moira Petrusch,25531 Carpenter Road,(356) 3006235
455917,Jaymie Inkle,636 Russell Drive,(261) 2377210
139186,Jennine Gopsell,0 Paget Avenue,(967) 1583663
491857,Clifford Baynton,8 Hansons Way,(202) 2888522
188658,Carolyn Guisby,8470 Marquette Pass,(445) 4000811
637323,Thalia Stammers,3135 Farragut Center,(910) 1805757
633471,Abbey Fansy,163 Macpherson Hill,(866) 6595510
901119,Katina Ville,61591 Carpenter Street,(248) 8710321
598029,Shelba Oxbie,478 Comanche Parkway,(370) 1051016
881968,Frasco Sustins,7 John Wall Court,(427) 2088898
037077,Richy O' Scallan,40 Granby Park,(566) 6442710
643122,Myra Willison,06973 Kedzie Place,(946) 1797624
633183,Maegan Robilart,3 North Point,(759) 8740347
027874,Lotti Goad,403 Eagle Crest Center,(605) 6616987
055977,Viola Kilty,4024 Bonner Plaza,(956) 7277620
185842,Grantham Osbidston,354 Ronald Regan Park,(685) 3161823
993996,Hally Potell,9336 Doe Crossing Place,(914) 7002752
465380,Northrup Chalfont,39 Nevada Center,(210) 3710541
190550,Jeane Schiell,1 Delaware Terrace,(109) 7116184
749289,Francyne Coniam,23 Bunker Hill Street,(952) 3552410
881102,Richart Chilvers,937 Loeprich Junction,(278) 4783747
349523,Yvonne Puffett,86 Fuller Pass,(477) 3527288
751431,Atalanta Dabling,9 Lakewood Gardens Alley,(302) 8157604
078412,Betteanne Grigoroni,7 Moose Lane,(760) 6862223
477755,Nicol Ghelerdini,294 Stephen Way,(524) 5973387
454956,Angeli Lipmann,04165 Carberry Road,(116) 3931273
898505,Karee Cowthard,4455 Cherokee Court,(239) 6066099
362923,Walliw Francino,2427 Muir Circle,(328) 6141820
328909,Nobie Seatter,4 Oriole Park,(831) 4857082
031815,Torrance Willstrop,6 Crownhardt Way,(907) 4428660
375002,Sherie Massie,3355 Birchwood Court,(614) 5015284
161132,Powell MacCaull,73571 Gulseth Point,(592) 7608109
419027,Perl Hucker,5740 Menomonie Place,(859) 7348520
490487,Temple Michelotti,68 Waywood Drive,(618) 5895308
692329,Pris Pearlman,13 Gateway Road,(479) 5013518
095564,Corina Spellacy,9564 Blackbird Plaza,(252) 8657248
330021,Valli Chalker,23573 Oriole Court,(498) 8629891
041943,Jamie Thewlis,43 Dryden Avenue,(819) 6113568
903088,Abbi Rioch,7 Boyd Lane,(670) 1270747
888858,Arluene O'Lennane,6664 Ilene Road,(537) 6659179
652649,Pamelina Culbard,14283 Ohio Parkway,(591) 1334244
739109,Liana Gouldsmith,3 Sauthoff Avenue,(650) 7678476
935578,Vinson Pollastro,450 Milwaukee Way,(443) 7291782
925387,Reese Fullager,02401 Myrtle Parkway,(401) 4208417
847124,Witty Tollady,196 Reinke Drive,(264) 9212548
907429,Adey Reinbach,51 Division Road,(780) 9897596
942703,Ignazio Search,5416 Mesta Street,(897) 3987735
697397,Reuben Niles,4 Lawn Street,(438) 3144195
619980,Lynnett Wrigley,00212 Eliot Lane,(571) 4741478
468959,Cristian Mizen,6 Clarendon Circle,(863) 8803778
996768,Elsey Arnoult,61 Novick Circle,(521) 8435209
625639,Lyda Althorp,04611 Sullivan Park,(704) 7769668
061998,Lilly Benza,4 2nd Place,(785) 8608329
488118,Herby Pickervance,36624 Boyd Terrace,(697) 4035618
760164,Malcolm Yurov,57618 Sunnyside Pass,(367) 1632019
881498,Mirelle Eastby,2803 Declaration Street,(510) 7705778
715028,Krystal Botwood,769 Cottonwood Lane,(347) 5763745
902638,Drusie Shotbolt,63 Nova Junction,(301) 6085393
344842,Marin Lesslie,789 Springview Center,(277) 1846586
086388,Gabriella McGovern,56 Summit Trail,(703) 5190929
402862,Gwen Tweedell,3 Lighthouse Bay Place,(200) 3605798
621008,Hughie Ellam,0 Maple Wood Parkway,(282) 4377256
601858,Daphna Grinaugh,7479 Blackbird Pass,(929) 8671563
629158,Viviene Cannam,258 Granby Parkway,(736) 5840176
888989,Geralda Yitzhakof,70160 Spohn Pass,(840) 9177541
821899,Selig Gruszczak,1085 Melby Point,(400) 3648159
495861,Julita Cone,5712 Becker Crossing,(212) 1314324
297598,Candide Coulson,48 Spaight Parkway,(657) 9497471
913939,Alyce Breissan,892 Prairieview Drive,(791) 9807330
620623,Laura Dudhill,8 Grover Park,(151) 7662791
973995,Cesya Semken,02687 International Way,(341) 7395781
691736,Gallard Branche,9 Fuller Trail,(607) 2013618
377127,Jeanne Fireman,123 Linden Court,(922) 5263069
201388,Dani Oldland,5616 Clyde Gallagher Way,(247) 8630713
827081,Ulrica Imloch,91 Ryan Plaza,(781) 6229731
933079,Allyce Mingaye,761 Mcbride Lane,(823) 8453401
447601,Justina Pouton,73001 Schiller Center,(459) 2711836
689218,Gracie Heart,42243 Fordem Center,(242) 2679069
097750,Valma Dikels,18578 Glendale Center,(970) 8904327
416898,Gwenora Franzman,09393 Golden Leaf Park,(585) 3008708
276424,Carmencita Redington,4164 Johnson Avenue,(119) 1935872
448767,Rosabel Pheby,18 Fairview Place,(160) 4687773
902629,Shepherd Plumb,6952 Garrison Drive,(177) 8235841
065442,Wenona Ridgwell,9 Garrison Street,(189) 5617820
974503,Quincey Choppin,67131 Grayhawk Hill,(641) 9181022
028023,Laverne Assard,91519 Marcy Junction,(522) 4991840
767828,Haley Absalom,2281 Clyde Gallagher Terrace,(317) 2735867
696572,Jolynn Chrystie,442 Esker Parkway,(408) 6052884
340454,Arie Pensom,7678 American Road,(465) 8632580
732484,Huberto Backsal,37 Eastlawn Center,(601) 7954524
119201,Richard Ricker,71 Kennedy Road,(922) 8823545
446412,Kitti Broomhead,0452 Springs Drive,(208) 8052973
798514,Barnaby Gannicleff,423 Barnett Drive,(960) 9360917
717705,Rich Gamet,716 Melvin Road,(451) 1959943
081903,Thaddus Normant,06 Menomonie Court,(576) 1636091
174913,Norean Milbourne,69 Shasta Park,(358) 2232183
336202,Cristina Ruppert,67 Acker Place,(799) 3402441
823313,Ermin Hubert,56216 Prairie Rose Crossing,(832) 1739078
241994,Nikki Shewan,4783 Rusk Park,(707) 5957388
137644,Karly Godber,472 Northfield Avenue,(854) 1185625
282203,Hobart Andren,0 Linden Trail,(742) 7436216
024321,Chrysler Upham,97 Gateway Terrace,(260) 3360553
062545,Boyd Gunderson,41852 Muir Crossing,(109) 6895655
179139,Chrissie Thebeau,15705 Barby Park,(536) 5027223
855701,Aldis Seamans,18279 Nancy Lane,(549) 1922862
289815,Fanchette Node,69664 Eastwood Drive,(529) 8494606
359252,Clementius Ansley,4 Eastlawn Hill,(844) 4280384
088013,Nana Haeslier,94 Del Sol Court,(510) 6241800
734971,Terrye Dalliwater,2 Lyons Road,(781) 9927079
026652,Abraham Kloser,741 Tony Avenue,(586) 5787542
690946,Paten Schooling,58 Corben Place,(169) 2958807
593751,Jasmina Fatharly,6049 Meadow Ridge Road,(864) 9723426
839819,Janaya Tootin,0141 Morrow Trail,(794) 1446080
404037,Gabe Plomer,710 Ruskin Road,(916) 9364532
043861,Rolfe Norquoy,0415 Manitowish Street,(179) 4857589
478952,Giffie Poinsett,7041 Eagan Avenue,(999) 8473515
909545,Mignon de Copeman,792 Elka Way,(857) 4919554
278470,Dulce Ancliffe,79 Packers Parkway,(639) 6408668
338763,Darleen Sainthill,398 Sheridan Trail,(684) 2042575
716457,Matthieu Cutcliffe,38230 Vernon Pass,(639) 9468794
773512,Scot Burkin,2267 Glacier Hill Parkway,(635) 8132994
125053,Mariejeanne Edson,6 Drewry Point,(222) 7409723
072053,Tanney Schrinel,36672 Ronald Regan Road,(941) 1425229
396143,Zarla Ondrousek,95 Lotheville Way,(353) 8461705
907746,Clyve Whittier,92 Lerdahl Place,(135) 3917803
933162,Ellery Ibberson,920 Caliangt Street,(347) 5985855
040390,Celine Goodram,7 Truax Plaza,(231) 7971945
917421,Theodoric Penbarthy,0471 Bartillon Street,(791) 3156326
271174,Justin Dominico,369 Superior Parkway,(102) 6623988
073085,Hurleigh Shotboult,45146 Lakewood Plaza,(216) 2084998
986001,Jeane Rheam,8 Prentice Terrace,(506) 7146486
111727,Kelvin Elvin,760 Arkansas Center,(816) 6246195
911034,Gay Piddletown,82 Hanover Trail,(591) 7871141
545474,Foster Petley,17 Kedzie Lane,(347) 7285060
659190,Boris Duffet,45225 Miller Avenue,(694) 3198190
356571,Marthe Nield,987 Mifflin Court,(304) 6416134
626609,Octavia Gibbons,478 Dorton Road,(480) 9929485
678461,Reggis Lyness,7280 Nevada Park,(390) 9157928
634060,Juanita Di Francecshi,98 Dixon Park,(953) 1851838
658881,Mandy Anersen,54119 Waxwing Point,(379) 9444800
719927,Yale Whimpenny,6 Tony Crossing,(557) 8939128
470104,Kirstyn Habgood,15 Spaight Road,(595) 5520490
957543,Bastien Fairpo,948 Hagan Drive,(357) 8065590
724108,Lock Nowlan,58316 Mesta Hill,(720) 7228592
177823,Dickie Enrico,06327 Mendota Parkway,(755) 6829430
970232,Jasmin Shackleton,2032 Northwestern Terrace,(873) 1742644
847506,Tani Marriner,54 Dwight Crossing,(239) 6773395
431002,Cheryl Mafham,84 Shoshone Alley,(294) 1967206
038312,Chet Dybald,15170 High Crossing Junction,(359) 8854294
033082,Beverlee Jedryka,433 Schlimgen Pass,(612) 4260753
577793,Raven Najara,223 Sunbrook Trail,(349) 2649762
487988,Rod Jurczyk,4 Mifflin Center,(402) 7441500
095058,Farley Gainsboro,62 6th Plaza,(185) 2614274
743022,Julius Sprason,6753 Northwestern Parkway,(717) 1446997
